Filename,Label,Contrast0,Contrast45,Contrast90,Contrast135,Homogeneity0,Homogeneity45,Homogeneity90,Homogeneity135,Dissimilarity0,Dissimilarity45,Dissimilarity90,Dissimilarity135,Entropy0,Entropy45,Entropy90,Entropy135,ASM0,ASM45,ASM90,ASM135,Energy0,Energy45,Energy90,Energy135,Correlation0,Correlation45,Correlation90,Correlation135
00f16858-f392-4d9e-ad9f-efab8049a13f___JR_Sept.L.S 8368.JPG,diseased,7752.119217519685,9748.307396614793,8280.127337598426,11215.794531589063,0.8807843136972953,0.8500860056498202,0.8726643598314763,0.8275183075755995,30.400467519685037,38.228656457312916,32.47108759842519,43.98350796701594,0.7677117788380673,0.796214357927295,0.7800324029596687,0.8209712944698861,0.6213650837946207,0.6078781188500438,0.6152470520273073,0.5925860260177337,0.78826713986733,0.7796653890291936,0.7843768558717852,0.7697960937922027,0.5643115643139982,0.43359517554576266,0.5346361909855399,0.34832993315480215
01f54ad9-9c03-4ffd-86f4-829fc2939120___Matt.S_CG 0702.JPG,diseased,5860.090120570867,7881.6960133920265,5608.08624507874,7905.885361770724,0.909880815049813,0.8787916216068645,0.9137562475766811,0.8784196265836631,22.980745570866144,30.908611817223633,21.992495078740156,31.003472006944016,0.670010230529187,0.7046455689118778,0.6601512580684368,0.7051604124353914,0.6769655700566284,0.6621008675708219,0.6819758585806233,0.6618191858120959,0.822779174539942,0.8136958077628408,0.8258182963464925,0.8135227014731032,0.6261109159768707,0.4761439338305367,0.6394696901531297,0.47453619142797054
02ab6821-757a-401b-ac04-919fdceee1f0___Matt.S_CG 1653.JPG,diseased,10224.157234251968,14062.074524149048,11192.172121062991,14174.9581499163,0.8427681660527794,0.7837468931788969,0.8278815839654446,0.7820109164039568,40.094734251968504,55.14539029078058,43.890871062992126,55.58807117614235,0.9841757475773089,1.0503173071186935,1.005399671859148,1.0521127947288325,0.48177835125201507,0.45043254610038264,0.4717945905618373,0.44945040017180293,0.6941025509620427,0.6711427166410902,0.6868730527265117,0.6704106205690681,0.5923511207692865,0.4310207147958811,0.5537552566167697,0.4264532205339214
0a146952-538a-41e5-a422-b5d50e91771e___Matt.S_CG 6079.JPG,diseased,7856.120816929133,9014.563829127657,7320.1125738188975,11546.382292764587,0.8791849288449369,0.8613698546869305,0.8874279123147834,0.8224343755918466,30.808316929133856,35.3512307024614,28.706323818897637,45.27993055986112,0.7787841640430139,0.7912642428919827,0.7633799710590576,0.8361463430744085,0.6143918711177265,0.6099890598937997,0.6221845873867528,0.5833645944680446,0.7838315323573851,0.781017963873943,0.788786781954891,0.7637830807683845,0.5675656815787695,0.48768099920522234,0.5949335650295564,0.34379176284604485
0a25f893-1b5f-4845-baa1-f68ac03d96ac___Matt.S_CG 7863.JPG,diseased,7872.121062992125,9917.632835265671,7912.121678149607,11360.930621861244,0.8789388696368818,0.8474820404874102,0.878323721616744,0.825286337436391,30.87106299212598,38.89267778535557,31.0279281496063,44.55266910533821,0.7965804329542728,0.8284318025306665,0.7975587394671515,0.8538865265464917,0.6023555445548392,0.5879639127372991,0.601889711103641,0.5730312276546186,0.7761156773025779,0.7667880494225892,0.775815513575,0.7569882612396434,0.5843155354035562,0.4606363178130816,0.5822033175956475,0.38214355430783087
0a5edec2-e297-4a25-86fc-78f03772c100___JR_Sept.L.S 8468.JPG,diseased,12744.19598917323,17634.034968069933,13152.202263779527,15940.780581561165,0.8040138407840982,0.7288156280861512,0.7977393309786928,0.7548552797102519,49.97723917322835,69.1530783061566,51.57726377952756,62.51286502573005,1.0581854291621493,1.1242042590104444,1.0657661505673048,1.1028702995878006,0.4409997601733485,0.40604512395087167,0.43722403436017815,0.4186397328092567,0.6640781280642727,0.6372167009353032,0.6612291844437738,0.647023749803094,0.5117637508782842,0.31571536419086615,0.49613283518135537,0.38142170782137297
0a68a294-30d1-4422-ab7e-a1909ec277f7___JR_Sept.L.S 8443.JPG,diseased,9936.15280511811,12731.660363320727,9600.147637795275,12642.966085932172,0.8471972317977716,0.8042066194549761,0.852364475166929,0.8055706012067146,38.96530511811024,49.92807985615971,37.647637795275585,49.580259160518324,0.8455850755276839,0.8780425907233019,0.8388221210185444,0.8768520542505565,0.5770074916614677,0.5573978631372228,0.5806223289692674,0.5582295927441381,0.7596100918638902,0.7465908271183238,0.7619857800308791,0.7471476378495338,0.4794345340960233,0.3133371770525004,0.4970381971942254,0.3181207685993165
0a70601b-8511-4a56-9562-c95c46372874___Matt.S_CG 1032.JPG,diseased,7928.121924212599,11348.835947671894,8684.133550688975,11131.131812263626,0.8780776624086888,0.8254723349479917,0.8664513648280845,0.8288202901568046,31.090674212598426,44.50523901047802,34.05542568897638,43.651497302994606,0.8349464106242219,0.8991519056216299,0.8541671655081241,0.8952563670342364,0.5757722269839071,0.5449158512552253,0.5666327619886686,0.5471064095454499,0.7587965649526275,0.7381841580901242,0.7527501325065766,0.7396664177488727,0.6155860625149989,0.43883558761552405,0.5795696299839616,0.44960037563284605
0a76257e-6a78-459b-8f51-a266805121eb___Matt.S_CG 2527.JPG,diseased,7680.118110236221,11336.741273482548,9328.14345472441,11852.780705561412,0.8818915801335432,0.8256583324595924,0.8565474817038661,0.8177224386312949,30.11811023622047,44.45780891561783,36.580954724409445,46.481492962985925,0.8211485282857468,0.8878595408508934,0.8604522705382779,0.8965361792471643,0.5839910654430684,0.5520767848529312,0.5652758073094272,0.5469709483656056,0.764193081258309,0.743018697512338,0.7518482608275603,0.7395748429777784,0.6212579167923417,0.4264513435061488,0.5399861781040316,0.400343865543413
0a95b5b7-7bfb-4201-9320-dae33498081a___JR_Sept.L.S 2482.JPG,diseased,7692.118294783464,9812.81232562465,6376.0980561023625,10163.557877115754,0.8817070357275018,0.849094018921283,0.9019454055900353,0.8437000910848622,30.165169783464567,38.481616963233925,25.004306102362207,39.85708971417943,0.7967555666656515,0.8321379426417068,0.7590376008373829,0.8389616699353313,0.6012538976371897,0.5854244408594217,0.6188134517382317,0.5816470095957118,0.7754056342567996,0.7651303423988763,0.7866469676660756,0.7626578588041375,0.5982448551284103,0.4731601731601731,0.6650465310387681,0.454406180146301
0aa486df-97b6-4764-89a9-d193e16aabbb___Keller.St_CG 1931.JPG,diseased,6948.106852854331,10393.356686713372,7064.108636811024,9252.42575485151,0.8931487889020648,0.8401661383644485,0.8913648596436653,0.8577119036254497,27.24747785433071,40.75826151652303,27.702386811023622,36.28402256804514,0.7649108503798552,0.830313900333042,0.7689726010026073,0.8084537010825075,0.6188886492152867,0.5872864665315171,0.6168049867838017,0.5994901063520275,0.7866947624176017,0.7663461793024854,0.785369331451007,0.7742674643506774,0.625964927019097,0.4259265569246736,0.6206287514290136,0.4890212233054759
0ab271a7-765e-4675-8bfc-e249c0c86fdd___Keller.St_CG 1778.JPG,diseased,3476.0534571850394,5426.477152954306,3928.0604084645665,5236.993923987848,0.9465436370500255,0.9165491164618106,0.9395924644224685,0.9194630774768886,13.63158218503937,21.280302560605122,15.404158464566928,20.53723107446215,0.5025292066944604,0.5436728572895881,0.5114206335961291,0.5389586844960073,0.7700011609129662,0.7542044542828003,0.7677446443760074,0.756590171311659,0.8774971002305171,0.8684494540747897,0.8762103881922466,0.869821919309728,0.7020212582476317,0.5070974621198808,0.6557845237725589,0.5244503884319145
0af9f990-ad92-4411-8623-4498ca4805ce___Keller.St_CG 1942.JPG,diseased,9424.144931102363,12030.16926033852,9888.152066929135,13050.153450306902,0.8550711264555353,0.8149944751278178,0.8479354094219369,0.7993086849828237,36.9574311023622,47.17713435426871,38.77706692913386,51.17707235414471,0.8801700148772929,0.9255781204837263,0.8935504298936523,0.9416891383175702,0.5521243715827274,0.528833054070101,0.5448520037665076,0.519234330489245,0.7430507193878002,0.727209085524996,0.7381409105086288,0.7205791632355497,0.5526121207937144,0.4225466111051361,0.5338307682027753,0.3735142568400284
0b23b869-cfa6-40d7-a683-f4637d91ebff___Matt.S_CG 1286.JPG,diseased,4496.069143700787,6922.185194370389,5020.077202263779,7067.3212846425695,0.9308573625365117,0.893547424193855,0.9227989234727065,0.8913154540546462,17.631643700787404,27.145824291648584,19.68657726377953,27.714985429970863,0.548560638073351,0.5911925675515903,0.56481566523893,0.5940577082399572,0.7478699036987917,0.7277017730301812,0.7403590469412383,0.725949962966948,0.8647947176635572,0.8530543787064112,0.8604411931917476,0.8520269731451863,0.6317584566045484,0.3991629544961531,0.590219091183658,0.3865653227907723
0b36c5a2-6c9f-40d9-af4b-d4b0e66997da___Matt.S_CG 6653.JPG,diseased,6448.099163385827,9433.845867691736,7472.114911417323,9627.36065472131,0.9008381391537873,0.8549219409514388,0.8850903498382597,0.8519459807658273,25.286663385826774,36.995473990947985,29.302411417322837,37.754355508711015,0.7232155605217777,0.7782729473752587,0.7501844636399251,0.7818823861956792,0.644551540812066,0.6186602360184692,0.6318383064012222,0.616556606291959,0.8028396731677291,0.7865495763259104,0.7948825739700313,0.7852111857914144,0.6273712489338248,0.4361604653051404,0.5687397268203737,0.4245945261319127
0b4886e5-a065-44c1-aa19-bd166922d3de___JR_Sept.L.S 8498.JPG,diseased,16944.26058070866,20556.91456382913,16084.247354822834,21322.91059582119,0.7394232986696296,0.6838662294493105,0.7526489811025923,0.6720863870479317,66.44808070866141,80.61535123070247,63.075479822834644,83.61925723851448,1.1860822968649174,1.2247617783882019,1.1744007363406654,1.2317418373407931,0.3648074581305412,0.3440361183530972,0.37058771901967635,0.33984310482105984,0.6039929288746195,0.5865459217768862,0.6087591633968858,0.5829606374542451,0.411135858192383,0.2811255101389211,0.4419416541723232,0.25433865917331905
0b6a9374-858d-49ce-8a94-ab57c957718c___Matt.S_CG 2488.JPG,diseased,12816.197096456694,15973.033046066092,12736.195866141734,16650.334800669603,0.8029065743478501,0.7543592863459833,0.8041368703881258,0.7439434256963431,50.25959645669292,62.639345278690556,49.94586614173229,65.29543059086119,1.0664771798546973,1.1111540077463296,1.0632460173112128,1.1202969240306206,0.43536596814404566,0.4132571272148558,0.4373412457762415,0.40806687614987236,0.659822679319259,0.6428507814530957,0.6613178099644992,0.6388011240987859,0.5150001690098509,0.38809102848963667,0.5165662970190379,0.36214435831958597
0bbf4db7-38a1-4d5c-8fd7-503e9f37ef8f___Matt.S_CG 7848.JPG,diseased,8392.12906003937,11719.739289478579,8516.130967027559,11171.447392894786,0.8709419453750904,0.819768411258903,0.8690349865126632,0.8282002984514689,32.910310039370074,45.959761919523835,33.39659202755906,43.80959761919524,0.7993435379075872,0.8482589250210997,0.8022269490411511,0.8397842516930578,0.6028477537912108,0.5761010410358598,0.6013962738985049,0.5815646784743876,0.7764327104078053,0.7590132021485922,0.7754974364229097,0.7626038804480263,0.5467581095270388,0.3473293572167594,0.5401262001843786,0.3778636562943379
0bcb24a9-bf45-4008-b9df-1c729f977b17___Matt.S_CG 7835.JPG,diseased,7372.113373523623,10203.873457746915,6712.103223425197,9147.60524521049,0.8866282198886042,0.8430800993795264,0.8967781622208778,0.8593238820593225,28.910248523622048,40.01519003038006,26.32197342519685,35.87296174592349,0.7362996678638876,0.7818159607091142,0.7217189043459373,0.7629055266881515,0.6406113220551637,0.6164358023427438,0.6471552508534704,0.627845601093893,0.8003819850890971,0.785134257527172,0.8044596017535438,0.7923670873363513,0.5620423822459674,0.37547458138648016,0.6034084326839199,0.44012320235714086
0c1aa7e5-a820-4fb8-8bc2-623a6056e749___JR_Sept.L.S 2659.JPG,diseased,7416.114050196851,10542.52433504867,7412.1139886811025,9865.222580445161,0.8859515570664527,0.8378721690547063,0.8860130718684665,0.8482880297043466,29.082800196850396,41.34323268646537,29.067113681102363,38.68714737429475,0.7778763364954493,0.83208783745027,0.7770169683606345,0.8196820545098149,0.6127579650178832,0.5862679312313798,0.6133287093844696,0.5934149398833858,0.7827885825801774,0.7656813509753125,0.7831530561674835,0.7703343039767772,0.6015007632256684,0.4165623124919696,0.6009861886968261,0.4540451161253726
0c48052c-232b-4ea7-b77d-322f5f642612___Matt.S_CG 7724.JPG,diseased,9368.14406988189,12965.49073098146,10544.16215551181,14352.34670469341,0.8559323336837282,0.8006106675640289,0.837846981891677,0.7792829529004797,36.73781988188976,50.84506169012338,41.34965551181102,56.283712567425134,0.9662289320959472,1.034442540205848,0.9927376266116696,1.0576274697381198,0.4892184115422918,0.4584721504987681,0.47743111477433886,0.44610429241938526,0.6994414997283845,0.6771057158958032,0.6909639026565273,0.6679103925073971,0.628175894951071,0.4778838209691731,0.5806768863695928,0.4220355729633881
0c4935b6-8f13-4148-b5e6-19404d49fc78___Matt.S_CG 2733.JPG,diseased,11416.17556594488,15811.770723541447,11208.172367125984,14215.27373054746,0.8244367550526731,0.7568392531673261,0.8276355247573896,0.7813909246986211,44.76931594488189,62.00694401388803,43.95361712598425,55.74617149234298,1.0120143286052188,1.0781992063780752,1.0076738718563825,1.054930342715404,0.46814009497159625,0.4344335772805713,0.4702259389870342,0.4476480566824361,0.6842076402464359,0.6591157540831286,0.6857302231833114,0.6690650616213913,0.5464787619938009,0.36266110056681283,0.5547419380191415,0.427012503977201
0c8fd2f4-9c26-4e6d-90b5-fae10602579c___Matt.S_CG 1072.JPG,diseased,7824.120324803149,11687.48682497365,8252.12690698819,10332.88331576663,0.8796770472610471,0.8202644046231715,0.8730949634455727,0.8410961259224521,30.682824803149604,45.83328166656334,32.36128198818898,40.52111104222208,0.8619874525019284,0.9371635527924782,0.8731366136753348,0.9109869407533882,0.555346198338881,0.5208099539517325,0.5503564125414383,0.534587335589204,0.7452155381759569,0.7216716385945429,0.7418601030797103,0.7311547959147939,0.6448574468942042,0.45822377922054947,0.6254685234248382,0.52101674582348
0ca7ed02-4540-47df-b01d-194b23226a2d___Matt.S_CG 1733.JPG,diseased,12468.191744586615,15452.962055924112,12380.190391240158,16368.125736251472,0.808258362123049,0.7623571793448143,0.8096116877673522,0.7482833676336931,48.89486958661418,60.5998511997024,48.54976624015748,64.18872837745675,0.9952812918270691,1.0308431121210428,0.9937973894925968,1.0417609230807297,0.4838239220545824,0.46397189669573086,0.4845952907848198,0.45675183060949537,0.6955745265998334,0.6811548257890645,0.69612878893551,0.6758341738988162,0.4691419558971374,0.33030444085023686,0.47298335961722027,0.29071013321063366
0cba2d69-c73b-472b-9fc1-beca9b3f02a0___JR_Sept.L.S 8369.JPG,diseased,7528.115772637795,10570.745241490484,7864.12093996063,10046.642693285386,0.8842291426100669,0.8374381748609713,0.8790618992409094,0.8454980670303357,29.522022637795278,41.45390290780582,30.83968996062992,39.3985987971976,0.7450445923560205,0.7905507136062218,0.752975272749554,0.7819222281644735,0.635483757783922,0.6109809773094653,0.6315396053643669,0.6164854151271945,0.7971723513669563,0.7816527216798169,0.7946946617188057,0.7851658519874604,0.5583673344006269,0.35715307210394454,0.5386557807819514,0.38902572680512193
0cff7307-2103-4aaf-b2af-899221b15e34___Matt.S_CG 7756.JPG,diseased,6832.1050688976375,10554.619009238018,6976.107283464567,8071.179242358485,0.8949327181604644,0.8376861715431055,0.8927181852879684,0.8758776605917866,26.792568897637793,41.39066278132557,27.35728346456693,31.651683303366607,0.7036279484736959,0.7626870517366979,0.7084375283489015,0.7183426531818083,0.6597811689275722,0.6267292778866046,0.6572485713330801,0.6539815940317603,0.8122691480830552,0.7916623509341623,0.8107086846291214,0.808691284750714,0.5732192580810861,0.3159896767638741,0.5656147821551651,0.4769332822311978
0d12d6ee-bc90-413e-8638-e476cd8ba8ee___Keller.St_CG 1840.JPG,diseased,4344.066806102363,6212.63097526195,4716.072527066929,7006.847913695828,0.9331949250130354,0.9044592782077637,0.9274740484257539,0.89224544161265,17.03555610236221,24.36325872651745,18.494402066929133,27.477834955669913,0.5726049933540407,0.6177757181696147,0.5915735965295454,0.6361049074203975,0.7313132216596465,0.7118851027955636,0.7215536797406603,0.7022020607374343,0.8551685340677863,0.843732838519139,0.8494431586284396,0.8379749762000261,0.6762387597421252,0.5263177509417815,0.6565618755936384,0.4656357786598215
0d1ab917-ea01-43d7-8a63-232bffcfbb08___Keller.St_CG 1769.JPG,diseased,4560.070127952756,6422.271994543989,4152.063853346457,6256.978113956228,0.9298731257042913,0.9012353213400182,0.9361476355096969,0.9037772873318946,17.882627952755907,25.185380370760743,16.282603346456696,24.53716907433815,0.5403165295811451,0.5724962425681202,0.528541099221682,0.5690001854260454,0.7533742235453221,0.7384116150215064,0.758415442123853,0.7404077833761719,0.8679713264534273,0.8593088007355135,0.8708705082409515,0.8604695133333731,0.6134406664263687,0.42769762718510435,0.6487878176321433,0.4425893637706584
0d1d305a-e4d1-4037-b0bd-1276c5200488___Matt.S_CG 1542.JPG,diseased,5496.084522637795,8006.674313348626,5376.082677165355,7135.857771715544,0.9154786620330668,0.8768696473203238,0.9173241060934803,0.8902614681555756,21.553272637795278,31.398722797445593,21.082677165354333,27.983755967511936,0.6063824295113633,0.6450731068903632,0.6030739327123757,0.6280793188465839,0.7164663111064503,0.6966346963879991,0.7180032209185512,0.7069080888735279,0.8464433301210721,0.8346464499343415,0.847350707156459,0.8407782637970179,0.5900046782147802,0.3698278171960892,0.598956541135855,0.4383661814889618
0d60ecc0-bb8e-4c07-9ad7-5e78aed53b1c___Matt.S_CG 6645.JPG,diseased,4032.0620078740158,7168.110236220472,4512.069389763779,5241.0254820509645,0.9379930795701102,0.8897654747913069,0.9306113033284565,0.9194010783063549,15.812007874015748,28.11023622047244,17.69438976377953,20.553041106082212,0.49887555326148364,0.5537939718029009,0.515468530717504,0.5144946198917495,0.7761270278399932,0.7465680717213006,0.7683082006789013,0.7705484926748885,0.8809807193349882,0.864041707165401,0.8765319165203862,0.8778089158096359,0.6258050443140895,0.2903905388579086,0.5847832702925959,0.481162936172824
0d8187e2-00e2-40e7-b1a5-c94db561057c___JR_Sept.L.S 8439.JPG,diseased,12864.19783464567,16287.49457498915,12624.194143700786,16545.514291028583,0.8021683967236848,0.7495233510443645,0.8058592848445116,0.7455554041302158,50.447834645669296,63.87252774505549,49.5066437007874,64.88436976873955,1.0112284200171726,1.0511140649181667,1.0069943281545513,1.0540566588186384,0.47404822544020087,0.45122307555049734,0.47629239985042476,0.4492586299327227,0.6885116015291252,0.6717314013431986,0.6901394060988147,0.6702675808456818,0.4613163018515801,0.3062191216575284,0.47136637084688654,0.2952285334857665
0df95a30-e5bd-4fec-8271-c2de4e79a7e7___Keller.St_CG 1978.JPG,diseased,4156.063914862205,5934.453468906938,4612.07092765748,6244.88343976688,0.936086120707683,0.9087372209745804,0.9290734332781122,0.9039632848434952,16.298289862204722,23.27236654473309,18.086552657480315,24.48973897947796,0.5536317671618205,0.5953370385016522,0.5732202699561526,0.6027903665483245,0.7423258101521086,0.7247753414224667,0.7328253507215022,0.720944155447738,0.8615833158505964,0.8513373840155657,0.8560521892510422,0.8490843040874905,0.6769438499666905,0.5253816655483836,0.6476129800556807,0.5004281154168491
0ea612c0-8416-4771-a8bb-d5d255800f94___JR_Sept.L.S 8533.JPG,diseased,8656.13312007874,12554.271808543617,9384.14431594488,10998.090396180793,0.866881968442181,0.8069345829584533,0.8556862744756731,0.8308662627844126,33.94562007874016,49.23243846487693,36.80056594488189,43.129766259532516,0.8320231078692211,0.8918578823535992,0.8477595809456494,0.8670832639756748,0.5818404739836823,0.5495803966993885,0.574059957934369,0.5648441437623157,0.7627846838942706,0.741336898244913,0.7576674454761594,0.7515611377408465,0.5603121227894887,0.3447014839846641,0.5228455034460677,0.42592988063910203
0ea8a7c0-74f4-404b-81f4-233e501dab60___Matt.S_CG 6731.JPG,diseased,8632.13275098425,12199.494698989398,8848.136072834646,11062.595325190652,0.8672510572542637,0.8123905099654077,0.8639292579455196,0.8298742760558754,33.85150098425196,47.84115568231136,34.698572834645674,43.38272676545353,0.8265857164529786,0.882514106149445,0.832877819396076,0.864243625940095,0.5854481743143174,0.5554304038113935,0.582085318467512,0.5666596876004838,0.7651458516611832,0.7452720334289981,0.7629451608520182,0.752768017121134,0.5566449828221083,0.3578341143580125,0.5469639988904871,0.4176790514865784
0ebf0c98-aeb9-4630-afa0-0c9a2dc32995___Matt.S_CG 6233.JPG,diseased,5432.083538385827,7869.601339202678,5584.085875984252,7643.834087668176,0.9164628988652873,0.8789776191184654,0.9141253363887636,0.8824495726683453,21.302288385826774,30.861181722363444,21.89837598425197,29.975819951639906,0.5942247708207087,0.6302748168155723,0.598005152206637,0.626151456356048,0.7238290604510896,0.7049427591322168,0.7220782381017886,0.707586426890877,0.8507814410593885,0.8396086940546869,0.8497518685485714,0.8411815659480877,0.5814945289338321,0.35857362724873426,0.5693722537096031,0.3769752035161886
0edb366d-1253-4498-a05a-8f666405edc6___Matt.S_CG 7862.JPG,diseased,8224.126476377953,10828.764957529917,7624.117249015748,10409.482918965838,0.8735255670596691,0.8334702279468226,0.882752787361736,0.8399181416823142,32.251476377952756,42.465744931489866,29.89849901574803,40.82150164300328,0.7915974526235184,0.8296657919789305,0.7772128608863809,0.8224901458763414,0.6073621226832296,0.5877562820907773,0.6143405424017879,0.592098266594698,0.7793344100469514,0.7666526476121878,0.7837987894873198,0.7694792177795954,0.5517529913702522,0.3909828419996789,0.5844558373305936,0.41456355102128495
0ef9804e-d695-40e4-8950-08551255fa05___JR_Sept.L.S 8540.JPG,diseased,9592.14751476378,12634.90296980594,9904.152312992126,12707.47101494203,0.8524875047709566,0.8056945995477819,0.8476893502138818,0.8045786144781776,37.616264763779526,49.5486390972782,38.839812992125985,49.833219666439334,0.9141109539493891,0.9635265508140731,0.9210950646605459,0.9647241921118921,0.5290760828103688,0.5051726397085382,0.5257164965013524,0.5044915801283025,0.727376163212934,0.7107549786730574,0.7250630982896265,0.7102757071224544,0.5726312634361655,0.4255899828405239,0.5587301952743726,0.42229088255052066
1a02cfc4-375a-4be1-82a6-fa7ec5117ced___Matt.S_CG 6049.JPG,diseased,4624.071112204724,7176.173352346705,4720.072588582677,5934.453468906938,0.9288888888720708,0.8896414764502399,0.9274125336237402,0.9087372209745803,18.133612204724407,28.141856283712567,18.510088582677163,23.27236654473309,0.5464599290928623,0.5925377131167312,0.5531865865641141,0.5662674756527435,0.7498829096779287,0.72658848659504,0.7461784552475357,0.7418342974822224,0.865957799016747,0.8524015993620847,0.8638162161290651,0.8612980305807174,0.6136504551855412,0.3702003188745851,0.6107893877386711,0.47917689291201643
1a10c809-8303-4457-9875-bedd4eb9625b___Matt.S_CG 7777.JPG,diseased,5904.090797244095,9796.686093372187,6968.107160433071,8853.301506603013,0.9092041522276614,0.8493420156034174,0.892841214891996,0.8638498215082734,23.15329724409449,38.41837683675367,27.325910433070867,34.718829437658876,0.7132709880417953,0.7908053520559775,0.742581896749381,0.7725262954169231,0.6475572374972876,0.6112013777750663,0.634433267401691,0.6215483216508004,0.8047094118359046,0.781793692590997,0.7965131934887777,0.7883833595724864,0.663576423096816,0.4223964026513593,0.6029472418933965,0.4780174898034506
1a2ce36b-89e9-43ea-9e54-b2da024c08fc___JR_Sept.L.S 8532.JPG,diseased,8848.136072834646,11223.857647715296,9176.141117125984,12530.08246016492,0.8639292579455196,0.8273943092345324,0.8588850441803896,0.8073065779816546,34.698572834645674,44.015128030256065,35.98486712598425,49.13757827515655,0.8266320719019988,0.8599423297415312,0.8338372161846342,0.8799185711635407,0.5863054743687613,0.5693692725348126,0.5826594099477261,0.5566194884637273,0.7657058667456854,0.7545656184420363,0.7633213019087873,0.7460693590167923,0.5405079353850529,0.4002823631380997,0.5234743235864879,0.330487638158482
1a3965e0-423a-4003-ae8d-2fb639d02008___JR_Sept.L.S 8449.JPG,diseased,8920.137180118112,12586.524273048546,9712.14936023622,11860.843821687644,0.8628219915092716,0.8064385895941848,0.8506420607105432,0.8175984402902279,34.980930118110244,49.35891871783743,38.086860236220474,46.51311302622605,0.8328823850028448,0.8862166966238083,0.8498460693038706,0.8754932732491064,0.5823704796823657,0.5528679370335366,0.5736804569312264,0.5598321396903194,0.7631320198251189,0.7435508974061807,0.7574169637202658,0.748219312561711,0.541614152729799,0.3349099305787908,0.5009144227928036,0.37325593073760477
1a555e99-78f6-459f-8572-b877b2e7b73c___Matt.S_CG 7415.JPG,diseased,8360.128567913385,12199.494698989398,9192.141363188975,11715.707731415463,0.8714340637912006,0.8123905099654077,0.8586389849723344,0.8198304104294365,32.78481791338582,47.84115568231136,36.04761318897638,45.94395188790378,0.8332638387288156,0.8963153915441153,0.8512152739416785,0.8886290025331093,0.5795246270668322,0.5471206420123795,0.571021792922492,0.5518243329871246,0.7612651489900428,0.7396760385549741,0.7556598394267701,0.7428487955076218,0.5831633578362241,0.3755940487531034,0.5404296278143486,0.4003556859472962
1a88e419-7d5c-45c7-a10f-4e1f80280cd2___Matt.S_CG 1584.JPG,diseased,4960.07627952756,7047.163494326988,4736.072834645669,6990.721681443363,0.9237216455029134,0.8916254499073142,0.9271664744156849,0.8924934382947842,19.451279527559056,27.635935271870544,18.57283464566929,27.41459482918966,0.587957002014696,0.6224929221279796,0.5813032253812662,0.6212993474352293,0.725462550290335,0.7101075628154108,0.7283937514652372,0.7107881764898629,0.8517408938699228,0.8426788016886451,0.8534598710339211,0.8430825442919946,0.6262208933083002,0.4392253668034213,0.6431012400621191,0.4437166968175814
1ab6abd3-f48e-4176-9871-84e611f5b53f___Matt.S_CG 1363.JPG,diseased,4752.073080708661,6321.483042966086,4648.071481299213,7474.508649017298,0.9269204152076299,0.9027853006033573,0.928519800059988,0.8850535378307555,18.635580708661415,24.790129580259162,18.227731299212596,29.311798623597248,0.547014224946471,0.5669728857237393,0.5440055906060716,0.5893604999657353,0.7501572481172306,0.7415168433164071,0.7515254437247155,0.7275469149487497,0.8661161862690424,0.8611137226385416,0.86690567175715,0.8529636070482431,0.5986843950899345,0.430544977681386,0.6074673965441951,0.3266775437635776
1ad425d4-caa9-44da-b99f-a951fda7ec94___Keller.St_CG 1835.JPG,diseased,4672.0718503937005,6547.250294500589,5096.078371062992,7022.974145948292,0.9281507112479055,0.8993133470534773,0.9216301422344447,0.8919974449305157,18.321850393700785,25.6754913509827,19.984621062992126,27.541075082150165,0.5706747469172075,0.6021500178477993,0.5791137596529427,0.6123673990931243,0.7348462978175957,0.7216512793742308,0.7317944113427289,0.7158620615213825,0.8572317643540722,0.8495006058704319,0.8554498298221404,0.8460863203724444,0.6379708836199008,0.46385019054828747,0.6000997909179451,0.4248934925708848
1b3e0904-291b-45b4-8823-44084b96808c___Matt.S_CG 6582.JPG,diseased,4592.07062007874,6684.323268646538,4696.072219488189,6587.565875131751,0.9293810072881811,0.8972053752553358,0.9277816224358229,0.8986933553481415,18.008120078740156,26.213032426064853,18.415969488188974,25.833591667183338,0.5575780119878053,0.5924825127917164,0.5608291360149001,0.5904157534717448,0.742723045748826,0.727166019153168,0.7412554849523761,0.7283503141623434,0.8618138115328774,0.8527402999466883,0.8609619532548324,0.8534344228834125,0.6315039731739918,0.4308225163877098,0.6233481195178425,0.4390615149442207
1b6fd6e2-8917-473f-9c8c-b14f639e13a9___JR_Sept.L.S 2709.JPG,diseased,7540.115957185039,9659.61311922624,7748.119156003937,10195.810341620683,0.8840445982040256,0.8514499874015587,0.880845828499309,0.8432040977205936,29.56908218503937,37.88083576167153,30.384781003937007,39.983569967139935,0.7719637551438716,0.8065248582934933,0.7729580535115594,0.8164354551437747,0.6174884545203662,0.6014085564038198,0.617825201775892,0.5957223254889191,0.7858043360279747,0.7755053554965432,0.7860185759738073,0.7718305030827164,0.5858678310971422,0.45406647194208666,0.5701705650205832,0.4236734895490149
1bd1e4bf-3f5e-4954-a265-edb058f2db96___Matt.S_CG 1215.JPG,diseased,4608.070866141732,6119.90513981028,4264.065575787401,6716.575733151467,0.9291349480801259,0.9058852591300359,0.934425221053311,0.8967093818910672,18.07086614173228,23.999627999256,16.721825787401574,26.33951267902536,0.5284988229070501,0.5461814554240331,0.518361047982114,0.5582679585161656,0.760843997273932,0.753040563307241,0.7654125254539573,0.7456759680088895,0.8722637200261926,0.8677790982198413,0.8748785775488832,0.8635253140521646,0.5911062450140797,0.41796199828097375,0.6216312996397648,0.36121521023458647
1bdd9bcf-49b6-4a59-90ed-5e053de56994___JR_Sept.L.S 2587.JPG,diseased,6632.101993110236,10167.589435178872,6720.103346456693,7651.897203794408,0.8980084582611535,0.8436380919143287,0.8966551326168503,0.8823255743272782,26.00824311023622,39.872899745799494,26.35334645669291,30.007440014880032,0.6836196420574105,0.7372846120128365,0.6858342295699512,0.6916923605700507,0.671953915441034,0.6415891803821553,0.6708784645596636,0.6696751558299446,0.8197279520920547,0.8009926219274153,0.8190717090460783,0.8183368229708013,0.5686584556725032,0.3096385718019477,0.562934985241137,0.4804496468200225
1c1dd567-a2fd-4dc5-8034-aee3c4a259a0___Matt.S_CG 7799.JPG,diseased,7016.107898622047,9224.204848409696,8192.125984251968,11731.833963667928,0.8921030372678306,0.8581458978191847,0.8740176854757794,0.8195824137473021,27.514148622047244,36.17335234670469,32.125984251968504,46.00719201438403,0.7497900057984475,0.786688767327937,0.7785302116097477,0.8290998964863756,0.6297822666446115,0.6132462940107231,0.6159265558277209,0.5871105182597245,0.793588222344946,0.783100436732558,0.7848098851490856,0.7662313738419515,0.6061536720693449,0.4647349338509498,0.540138381070706,0.31922144121777274
1c721799-1ac2-47dd-8bc5-3f9414a34534___Matt.S_CG 7482.JPG,diseased,7824.120324803149,10546.555893111785,7504.115403543307,10465.924731849464,0.8796770472610471,0.8378101698841727,0.8845982314221494,0.8390501532948442,30.682824803149604,41.35904271808543,29.42790354330709,41.04284208568417,0.7761924481879774,0.8180828877959663,0.7675193780876159,0.8167032166839616,0.6159928774935675,0.5947780604098625,0.6203280802557699,0.5956173627270684,0.784852137344078,0.7712185555404268,0.7876090910189965,0.7717625040950541,0.5674265178112865,0.3978066605136381,0.5842607478995842,0.4024105851274481
1c7bc7c5-daec-45bd-beb9-89beb159c755___Keller.St_CG 2018.JPG,diseased,7368.113312007875,9566.887283774568,7372.113373523623,10219.999689999378,0.8866897346906181,0.852875968323831,0.8866282198886042,0.8428321026973921,28.89456200787402,37.51720503441007,28.910248523622048,40.078430156860314,0.7757191870955922,0.8128441632015976,0.7716594505103551,0.8252428277074172,0.6139724166655366,0.5972935283337242,0.6167947221758702,0.5903058694951167,0.7835639199615667,0.7728476747288072,0.7853627965315585,0.7683136530708775,0.6031870083412282,0.46929176062169803,0.5989408731647267,0.43306136248462046
1c7e9ef5-bf97-4e53-b6c1-7fd148d043d5___Matt.S_CG 6482.JPG,diseased,4996.076833169292,7127.79465558931,4992.076771653544,7059.258168516337,0.9231680122847893,0.8903854664966427,0.9232295270868031,0.8914394523957134,19.59245816929134,27.952135904271806,19.576771653543307,27.683365366730733,0.5458497738536421,0.578935904260396,0.5490912838370288,0.5777688911932555,0.7518418907077071,0.7338990965414505,0.7498707018898414,0.7346726565856876,0.8670881677820931,0.8566791094344781,0.8659507502680747,0.8571304781570234,0.5664734145874973,0.34946018289348324,0.5717099153176849,0.355908338763789
1c85a28a-19b9-487a-b9e4-0e6d7c08e4a8___Keller.St_CG 1771.JPG,diseased,7260.111651082677,9216.141732283464,7260.111651082677,10457.861615723232,0.8883506343449901,0.8582698961602518,0.8883506343449901,0.8391741516359112,28.471026082677163,36.14173228346456,28.471026082677163,41.011222022444045,0.7376690611348131,0.7678741844565716,0.7376690611348131,0.7898003471420085,0.6392198612644296,0.6248640539937165,0.6392198612644296,0.6115457246724524,0.7995122646116378,0.79048343056241,0.7995122646116378,0.7820138903321682,0.5731911007327511,0.4408799895815434,0.5731911007327511,0.36554798467826916
1c94b8af-21b7-43b5-b6ff-a5f7a3ad0a6e___Matt.S_CG 1727.JPG,diseased,8168.12561515748,11449.624899249799,8408.129306102363,10820.701841403683,0.874386774287862,0.8239223556846523,0.8706958861670353,0.8335942262878898,32.03186515748031,44.90048980097961,32.9730561023622,42.43412486824974,0.8011487002583138,0.8522935541140093,0.8067626491455037,0.841952710790791,0.6006789225492514,0.5739475255998067,0.5979288779866622,0.5803069877576298,0.7750347879606769,0.7575932454819054,0.7732586100307336,0.7617788312611672,0.566073822825762,0.3733269262856247,0.553323788236901,0.4077498134333156
1c9a19ab-15e6-4af9-9130-603a329f356e___Matt.S_CG 7520.JPG,diseased,6840.105191929133,10369.167338334677,7208.110851377953,9151.636803273608,0.8948096885564369,0.8405381333876499,0.8891503267711692,0.859261882888789,26.823941929133856,40.663401326802656,28.267101377952756,35.88877177754356,0.7154357588265133,0.7724738966547067,0.7246551531474531,0.7515252118372715,0.6520288072314425,0.6216109637253685,0.6475920444516671,0.6347139589932972,0.8074830073948569,0.7884230867531522,0.8047310385785222,0.7966893742188966,0.5856050244222043,0.34740340297105077,0.5633100900636326,0.4240302195739833
1cffba8e-40e0-43ce-914b-c184feb2cb2e___Matt.S_CG 7401.JPG,diseased,8336.128198818897,12340.599231198463,9244.142162893702,12300.283650567302,0.8718031526032833,0.8102205389967327,0.8578392925461554,0.8108405307020683,32.69069881889764,48.394506789013576,36.25153789370079,48.236406472812945,0.8685441208853795,0.9407415264143045,0.8887100722876298,0.9400727438145773,0.5542851652109555,0.5194771261884268,0.5452683608614288,0.5198621812086454,0.744503301007427,0.7207476161517475,0.7384228875525385,0.7210146886219763,0.6161148284690998,0.4191956460086242,0.5728009301408723,0.4210930793767763
1d2e1e46-0835-4f07-bebe-edf37ade1a12___Matt.S_CG 6363.JPG,diseased,8120.124876968504,10990.02728005456,8352.12844488189,11852.780705561412,0.8751249519120274,0.8309902611254797,0.8715570933952282,0.8177224386312949,31.843626968503937,43.09814619629239,32.75344488188976,46.481492962985925,0.8473272547254207,0.8988098860834814,0.851966603934768,0.9141095538421761,0.5681575567252698,0.5445570681580945,0.5663006030601905,0.5359500025218663,0.7537622680429618,0.7379411007377855,0.7525294698948277,0.7320860622371296,0.612856298842171,0.46344568015946414,0.6007961371611239,0.42132439459604704
1d3dc5a7-5c0a-4852-8210-b06eede5d40a___Matt.S_CG 6071.JPG,diseased,8032.123523622047,11155.321160642321,8580.131951279527,11131.131812263626,0.8764782775563306,0.8284482951336031,0.8680507496804428,0.8288202901568046,31.498523622047244,43.746357492714985,33.64757627952756,43.651497302994606,0.8307266585309396,0.8857192211369508,0.8443231606616219,0.8852895337479434,0.5794331783976068,0.553242334521125,0.5729701706595796,0.5534868369631339,0.7612050830082566,0.7438026179848556,0.7569479312737301,0.7439669595910385,0.6044728982058543,0.4368513625324174,0.5777419743504654,0.4380725016089644
1da58848-43c5-44ce-974e-bdd0b3c6e7d5___JR_Sept.L.S 8363.JPG,diseased,6800.104576771653,9377.404054808108,5976.09190452756,7893.790687581375,0.8954248365765747,0.855789929338909,0.9080968857914133,0.8786056240952639,26.66707677165354,36.774133548267095,23.435654527559056,30.956041912083823,0.6755482261319885,0.711280305329812,0.6551182647288475,0.6841604785973763,0.6777322558551367,0.6576605473875591,0.6874616359096,0.6744164566511289,0.8232449549527386,0.8109627287289837,0.8291330628491425,0.8212286262978957,0.5425883798592702,0.34126884683725567,0.5988108270441201,0.44548770511923763
1db21865-b74f-40ab-9a9b-ac7c0e512058___Matt.S_CG 2428.JPG,diseased,7688.118233267716,10740.07068014136,7840.120570866141,10288.536177072354,0.8817685505295156,0.8348342096985613,0.879430988052992,0.8417781167983214,30.149483267716533,42.11792423584847,30.74557086614173,40.34720069440139,0.7756762896429575,0.8245636317631486,0.7793679607761824,0.81679037407409,0.6157046056767895,0.5908432340145727,0.6139252354188303,0.5955416048720372,0.7846684686393289,0.7686632773943171,0.7835338125561846,0.7717134214668274,0.577800501779617,0.39112717478083214,0.56945316518629,0.41672543169695325
1dba882a-8d8b-4f5e-a6d4-18f6c58534b3___Matt.S_CG 6782.JPG,diseased,10856.166953740158,14392.662285324572,11576.178026574804,15279.605059210118,0.8330488273346022,0.7786629611951439,0.821976162972122,0.7650231436777579,42.57320374015748,56.44181288362577,45.396776574803155,59.92001984003968,1.007527618005636,1.0661170834393567,1.0228071295218002,1.079493796849812,0.4683742604789897,0.4405144559560618,0.4611213358168905,0.4330986583729012,0.6843787405223731,0.6637126305533606,0.6790591548730424,0.6581023160367248,0.5746895109295853,0.42826281589032655,0.5464817408364849,0.39302971210765775
1dbd5efc-4fec-40a2-aca2-d257a7ad823b___Matt.S_CG 2598.JPG,diseased,7768.119463582677,10909.396118792238,8840.13594980315,11280.29946059892,0.8805382544892402,0.8322302445361511,0.8640522875495471,0.8265263208470623,30.463213582677163,42.78194556389113,34.66719980314961,44.23646847293694,0.7845566710214928,0.8354320151225667,0.809366034438685,0.8414492755891748,0.6100592643079819,0.5842676843764004,0.5977838452258937,0.5805101593463152,0.7810629067546236,0.7643740474246888,0.7731648241002003,0.7619121729873564,0.5804596037662103,0.39236596878739155,0.5225621649450695,0.3717073099287219
1de3c0cc-04c3-48d0-9493-96b9e9a237af___Matt.S_CG 7657.JPG,diseased,7336.11281988189,11538.319176638353,7104.109251968504,7966.3587327174655,0.8871818531067281,0.8225583739329138,0.8907497116235276,0.8774896390256595,28.769069881889763,45.248310496620995,27.859251968503937,31.240622481244962,0.7661786556753136,0.836894092343882,0.7606861254953373,0.7689829858136541,0.6203570974036479,0.5829408994052658,0.6228060266179127,0.6213957603685559,0.787627511837701,0.76350566429154,0.7891806045626772,0.7882865978618157,0.5964251887177481,0.3454683137750275,0.6096443111649602,0.5480941257929611
1e427d73-cd81-4476-9427-4854a10ea894___JR_Sept.L.S 2689.JPG,diseased,10060.154712106298,14259.62086924174,9056.139271653543,11163.384276768556,0.8452902729353443,0.780708933822752,0.860730488240803,0.8283242967925362,39.45158710629921,55.92008184016369,35.51427165354331,43.77797755595512,0.8967137806009169,0.9550742444006994,0.8742234511059914,0.9072541117394679,0.5433448736160167,0.510383823359252,0.5545002886880773,0.539383321373128,0.7371193075859679,0.7144115224149538,0.7446477614873205,0.7344272063132793,0.5252465648245496,0.3112866851370159,0.5722938880426505,0.4608291860741862
1e8f411c-7f6b-42c0-8c84-70486b6c91d1___Keller.St_CG 1824.JPG,diseased,6768.104084645669,10824.733399466799,7956.122354822835,9808.780767561535,0.895916954992685,0.8335322271173562,0.8776470587945924,0.8491560180918165,26.54158464566929,42.449934899869795,31.200479822834648,38.46580693161386,0.7327960002501378,0.8036279547023149,0.7626508884579621,0.7865452774859389,0.639957840218415,0.6031142594246254,0.6255307606440409,0.6137805256576475,0.799973649702548,0.7766043132925707,0.7909050263110236,0.783441462814962,0.6098646659848661,0.35508555747901943,0.5418882818904203,0.415613840352497
1ea484d8-6ebf-4d95-81b1-1c7f78e92015___JR_Sept.L.S 8425.JPG,diseased,9976.15342027559,13400.899001798003,10224.157234251968,13005.806311612623,0.8465820837776337,0.7939147571464029,0.8427681660527793,0.7999906758586931,39.122170275590555,52.55254510509021,40.094734251968504,51.00316200632401,0.8618053143971354,0.9089144540483849,0.8702592055895114,0.903680796537221,0.5665080143636851,0.538512008017878,0.5615724805668362,0.5421205467000184,0.7526672667013526,0.73383377410547,0.7493813985994289,0.7362883583895772,0.4946789210009046,0.3081309996277187,0.4860212772358277,0.3285290628155898
1eb51af9-a622-4f97-a47b-b7474771d414___JR_Sept.L.S 2455.JPG,diseased,7712.118602362206,10457.861615723232,7248.111466535433,9772.496744993488,0.881399461717433,0.8391741516359112,0.8885351787510313,0.8497140106266188,30.243602362204726,41.011222022444045,28.42396653543307,38.323516647033294,0.7661305857357023,0.8080956625835504,0.7546581998008817,0.7959685374372873,0.622248048207034,0.6007824816195233,0.6277421431795988,0.6080433269428757,0.7888270077824631,0.7751015943858736,0.7923018005656675,0.7797713299056818,0.56590274913027,0.3913895492567929,0.5920206335186977,0.4312753536617063
1ecc0c20-9ef3-40af-a8d8-9a43463a26b4___Matt.S_CG 7654.JPG,diseased,7388.113619586615,9639.45532891066,6352.097687007875,9405.624961249923,0.8863821606805491,0.8517599832542267,0.902314494402118,0.8553559351451738,28.972994586614174,37.80178560357122,24.91018700787402,36.88480376960754,0.7449004467639436,0.7784489171100326,0.717884952577608,0.7741158391228432,0.634983993417694,0.6186336719502133,0.6475921504089102,0.621176449681314,0.7968588290391806,0.786532689689509,0.8047311044124678,0.7881474796516919,0.5701207709678348,0.4188851161203547,0.6303425429054642,0.4329815875820942
1f01e6fc-e4a2-4f40-bd17-bb3852cef631___Keller.St_CG 1825.JPG,diseased,5760.088582677165,9498.350796701592,7064.108636811025,8498.524397048794,0.9114186851001573,0.8539299542229017,0.8913648596436654,0.8693057485152278,22.588582677165352,37.248434496868995,27.702386811023626,33.32754665509331,0.6586059140465463,0.7253854633464909,0.6917326631520826,0.7075918368975893,0.6839711091531557,0.6495945346035401,0.6683198241884766,0.6607149635652113,0.8270254585882806,0.805974276638864,0.8175083022137919,0.8128437510156619,0.6235220007804693,0.3527181022419914,0.5374112188780452,0.42085303884809755
1f11a23b-8dd3-4fc8-82cf-235cfcdaf5b2___Matt.S_CG 2783.JPG,diseased,15924.244894192912,20177.948105896212,16424.25258366142,21693.813937627878,0.7551095731831434,0.6896941514794664,0.7474202229314211,0.666382463358843,62.448019192913385,79.12920825841653,64.40883366141733,85.0737801475603,1.209735860882147,1.2647671280924389,1.2177870391347283,1.2803758101403921,0.34479500141861613,0.31813359745511727,0.34094587183314995,0.3098329536605753,0.5871924739117627,0.5640333300923955,0.5839057045732212,0.5566264040274906,0.47926315202876507,0.33672835323052264,0.4628953300225344,0.28690015359309534
1f51fffd-4e03-4aca-be68-d78e12538d50___Matt.S_CG 7451.JPG,diseased,7344.112942913385,10264.346828693657,7320.112573818898,10215.968131936264,0.8870588235027007,0.8421501118215229,0.8874279123147835,0.8428941018679257,28.800442913385826,40.25234050468101,28.70632381889764,40.06262012524025,0.7602468066799435,0.8084491933797715,0.7592776678814714,0.8076005647585822,0.624447871942619,0.6006015207516805,0.6249811925893383,0.6011111910623597,0.7902201414432684,0.7749848519498175,0.7905575201016927,0.7753136082014552,0.5898433583408825,0.40760252130381,0.5908160172724904,0.41039465396066555
1f55c2e9-67b2-4377-a426-4932a77c3439___Matt.S_CG 7778.JPG,diseased,5704.087721456693,9272.583545167092,6792.104453740157,8401.767003534007,0.9122798923283502,0.8574019077727819,0.8955478661806022,0.8707937286080336,22.36897145669291,36.363072726145454,26.635703740157478,32.94810589621179,0.6827677421790208,0.7522824518566358,0.7129048575291128,0.7352886277426471,0.6672524941729571,0.6342683991710597,0.6534762437200656,0.6440203586588585,0.8168552467683348,0.7964096930418788,0.8083787749069526,0.8025087903935125,0.6528922372630732,0.4142911401870292,0.587107706377802,0.46929684180424736
1f6955e1-0c57-45ef-a769-8578aa3425d6___JR_Sept.L.S 8502.JPG,diseased,16016.24630905512,20754.460908921817,15928.244955708662,20181.979663959326,0.7536947327368265,0.6808282700931655,0.7550480583811296,0.6896321523089329,62.80880905511811,81.39004278008555,62.46370570866142,79.14501829003657,1.178319111796299,1.2324148698618689,1.1770546714574441,1.2267817601179782,0.36762841079393094,0.33934642151632866,0.3682366205064442,0.3426078763621351,0.6063236848366811,0.5825344809677181,0.606825032860745,0.5853271532759565,0.44864083990141623,0.2800808425521068,0.4517688125683018,0.2999387524894807
1f755e56-f38f-44ef-8076-d82c302c4539___JR_Sept.L.S 8407.JPG,diseased,11280.173474409448,15456.993613987228,12888.198203740158,15473.119846239693,0.8265282583211415,0.7622951801742807,0.8017993079116021,0.7620471834921463,44.235974409448815,60.61566123132246,50.54195374015748,60.678901357802715,1.0221098136032971,1.090131333842878,1.055609411481088,1.0903627952462707,0.46006205855185145,0.42636269797308646,0.4434078958489948,0.4262326626209455,0.6782787469409988,0.652964545724411,0.6658888014143164,0.6528649650739007,0.5625485062716409,0.3942716812401337,0.5015912647015919,0.3936397268126326
1f7fb33a-b74e-465c-ac76-8c3866931a3d___Keller.St_CG 2011.JPG,diseased,5944.091412401575,8244.536239072479,6428.098855807087,8639.628929257859,0.9085890042075236,0.873211696258843,0.9011457131638562,0.8671357775465527,23.310162401574804,32.331514663029324,25.208230807086615,33.880897761795524,0.7032249787646716,0.7469978078228094,0.7125705429320796,0.7553436274691043,0.6548817816873915,0.6364472466684409,0.6517063169014031,0.631948910683115,0.8092476639987239,0.7977764390281533,0.8072832940804628,0.7949521436433233,0.6511803074776177,0.49853218618294615,0.6186270788156566,0.4745009657653073
1f8a9dd1-e501-430d-9c80-7eaf0904961c___Matt.S_CG 2477.JPG,diseased,14716.226316437009,19972.33864467729,16420.252522145667,20270.673941347883,0.7736870433913049,0.6928561091766787,0.7474817377334348,0.6882681705571944,57.710691437007874,78.32289664579329,64.39314714566929,79.49283898567796,1.1784638901464657,1.2502508716353424,1.2069484151924457,1.2535107219542623,0.3623540389780975,0.32735016440334824,0.348696634710164,0.3256016063771231,0.6019585027043787,0.5721452301674359,0.5905054061650613,0.5706151122929738,0.5107186342230808,0.3320554598400171,0.4540636024696241,0.32207808883237915
1f9fe103-ec5a-4ebb-bd93-14c97537dd3a___Matt.S_CG 6572.JPG,diseased,7760.119340551181,11183.542067084134,8704.133858267718,11352.867505735012,0.8806612840932676,0.828014300939868,0.8661437908180156,0.825410335777458,30.4318405511811,43.85702771405543,34.13385826771654,44.521049042098085,0.7822246153593004,0.8376764074851255,0.8044199296100392,0.8403440598550351,0.6116084046132936,0.5828137086245032,0.6006045935431715,0.5811122013464811,0.7820539652819961,0.7634223658136453,0.7749868344321544,0.7623071568249121,0.5787384010812588,0.37408241245825113,0.5277621305852257,0.36460565013786406
1fea28dc-c071-4373-af8c-97e8d0646044___JR_Sept.L.S 2596.JPG,diseased,7968.122539370079,10792.48093496187,6964.107098917323,9784.59141918284,0.8774625143885512,0.8340282204816247,0.8929027296940097,0.849528013115018,31.24753937007874,42.3234546469093,27.310223917322837,38.37094674189349,0.7595229621710986,0.8002829596589522,0.7357417244447007,0.7833822757349395,0.6276219573923523,0.6050867851627203,0.6390528726492023,0.6156818525429476,0.7922259509712821,0.7778732449202249,0.799407826237148,0.78465396994022,0.5373333743297738,0.3528921740190618,0.5963381276290514,0.41332435799188
1fef5339-704d-456a-a7b8-85014c9c8600___JR_Sept.L.S 8489.JPG,diseased,12048.185285433072,15198.973897947797,10960.168553149606,14449.104098208196,0.8147174163344959,0.7662631270884293,0.831449442482244,0.7777949728076738,47.24778543307087,59.603819207638416,42.9810531496063,56.663153326306656,0.9558860967012552,0.9909740156994293,0.9355133847546908,0.9816547072365118,0.5091920633060016,0.48809521699891556,0.5200038193045136,0.4943692266949293,0.7135769498141049,0.6986381159075961,0.7211129032991391,0.7031139500073436,0.45480744151840496,0.29765256955703673,0.5040412980612314,0.33230419344626516
000bf685-b305-408b-91f4-37030f8e62db___GH_HL Leaf 308.1.JPG,healthy,5216.080216535433,6422.2719945439885,4584.070497047244,6309.3883687767375,0.9197846981740314,0.901235321340018,0.9295040368922086,0.902971298114958,20.45521653543307,25.18538037076074,17.976747047244093,24.742699485398973,0.49208308471551854,0.5052661345033469,0.4834777325063193,0.503328352243499,0.7827983077841157,0.7732062583599406,0.7871157172978408,0.774602358616336,0.8847588981096013,0.8793214761166366,0.887195422270562,0.8801149689764036,0.44068735393053515,0.28317212504413475,0.5215903270798498,0.29577173615447006
00bce074-967b-4d50-967a-31fdaa35e688___RS_HL 0223.JPG,healthy,12992.199803149606,16013.348626697252,13816.212475393702,19085.39587079174,0.8001999230592439,0.7537392946406476,0.7875278738444053,0.7064959266940647,50.9498031496063,62.79744559489119,54.18122539370079,74.84468968937938,1.1324643871819853,1.182001205368298,1.1485195803673522,1.2240863684557137,0.38753408341777623,0.3650221685712143,0.38008633365899547,0.34327916445528467,0.6225223557574268,0.6041706452412383,0.6165114221642576,0.5859003024877907,0.5585280949842704,0.4519655842219878,0.530528337461721,0.34682907243375866
01c1da17-8d9f-4d69-8a1e-58d37453d3c3___RS_HL 9641.JPG,healthy,9400.144562007874,12505.893111786225,8488.130536417322,11304.488808977618,0.8554402152676179,0.8076785730048561,0.8694655901267597,0.8261543258238608,36.863312007874015,49.04271808543617,33.28678641732283,44.33132866265732,0.8973336047414886,0.9478434384172669,0.8759376447865159,0.9268109651989402,0.5399833441268446,0.5151077127127904,0.5499394272714327,0.5268183287312076,0.7348355898613271,0.7177100477997994,0.7415790094598368,0.7258225187545558,0.5702072396390757,0.41641465763179125,0.6121496904358072,0.4724779819469836
01f98912-9627-4ce0-8f0f-e451b7acbb6c___RS_HL 0509.JPG,healthy,13632.20964566929,16416.504433008868,13816.212475393702,18504.85150970302,0.7903575547370392,0.7475393775872903,0.7875278738444053,0.7154238072508994,53.45964566929133,64.37844875689753,54.18122539370079,72.56804513609028,1.077449160412674,1.113367033333776,1.081197046384465,1.137943957737373,0.4307097830504255,0.41232722145523665,0.42869675436616494,0.3974589313181355,0.6562848337805968,0.6421271069307358,0.6547493828681055,0.6304434402213536,0.48055544413528684,0.36717218541387275,0.4740364961835293,0.2866700223599401
0a0d6a11-ddd6-4dac-8469-d5f65af5afca___RS_HL 0555.JPG,healthy,14672.22563976378,17351.825903651807,14512.223179133858,19738.508277016554,0.7743637062134565,0.7331555700235013,0.7768242982940076,0.696452061067626,57.538139763779526,68.04637609275218,56.91067913385827,77.40591481182962,1.1425722142904298,1.1778003417590877,1.1398100143236451,1.2059697585612694,0.3883105002538131,0.3712420160905794,0.3896667529663184,0.3554739880265303,0.6231456493098648,0.6092963286370429,0.6242329316579817,0.5962163936244376,0.48361819271050877,0.3838889489445673,0.48924940107789694,0.2991450497287644
0a205a11-1e64-49f7-93c2-ad59312b4f83___RS_HL 0334.JPG,healthy,11824.181840551182,17537.277574555148,12328.189591535433,14045.948291896584,0.8181622452472677,0.7303036081789569,0.8104113801935313,0.7839948898610312,46.369340551181104,68.77363754727509,48.34584153543307,55.08215016430033,1.067515974664666,1.1561593613690184,1.0778636627759068,1.1041621135079112,0.42950252892693286,0.3857235367766042,0.4246791962822206,0.41333690590997024,0.655364424520383,0.621066451176204,0.6516741488521857,0.6429128291689086,0.568815094894401,0.3537232337479163,0.5503838577898582,0.48238430951212435
0a31e630-0d98-416b-b0e4-88a88aad1dc5___RS_HL 9653.JPG,healthy,12940.19900344488,16174.610949221898,12200.187623031496,16009.317068634138,0.8009996154854231,0.7512593278193046,0.8123798538579723,0.7538012938111811,50.74587844488189,63.42984685969372,47.84387303149606,62.78163556327113,1.093349600537966,1.1430254369749893,1.0792731363924006,1.1406520954569634,0.416436992358848,0.3923722457154133,0.4229151595510222,0.39363141253407563,0.6453192948911787,0.6263962369901445,0.6503192750880311,0.6274005200301285,0.5308314372224767,0.4088168488831758,0.5581849690179312,0.41489267252642836
0a334ae6-bea3-4453-b200-85e082794d56___GH_HL Leaf 310.1.JPG,healthy,7756.119279035433,10086.958273916549,7536.115895669292,9554.79260958522,0.8807227988952815,0.8448780753249999,0.8841061130060393,0.8530619658354316,30.41615403543307,39.556699113398224,29.55339566929134,37.46977493954988,0.7320714640966844,0.7713270472356918,0.7310819703728589,0.7621782059430063,0.6446993644109359,0.6226387227404003,0.644642020729354,0.6283506374440363,0.8029317308532127,0.7890745989704651,0.8028960211193937,0.792685711643673,0.5233587615765458,0.37018277060687543,0.5417225554299818,0.4034105381048342
0a86ddc0-4950-4efc-9260-0f16d4db046b___RS_HL 0469.JPG,healthy,13540.208230807088,16859.97581995164,13452.20687746063,18512.91462582925,0.7917723951833562,0.7407194688285972,0.7931257208276592,0.7152998089098321,53.098855807086615,66.11755223510447,52.753752460629926,72.59966519933039,1.104541331200378,1.151419191724556,1.1031800354548293,1.1718815886752123,0.4110631891307728,0.38797866683711546,0.4116630887680721,0.37638684626987956,0.6411420974563851,0.6228793356960203,0.6416097636165399,0.6135037459297861,0.5089661247586623,0.3826048645313727,0.5123778686978037,0.32207592968150733
0a9986e6-b629-4ff5-8aab-7488ea9b935b___RS_HL 9704.JPG,healthy,9940.15286663386,12001.948353896707,9544.146776574802,13175.131750263501,0.8471357169957578,0.8154284693215528,0.8532256823951219,0.797386710696283,38.980991633858274,47.06646413292826,37.42802657480315,51.66718333436667,0.8904540464093008,0.9234090738811186,0.8862905440907054,0.941775435666499,0.5471731088115498,0.5301859149195389,0.5484163297428157,0.5191668622533723,0.7397115037712674,0.7281386646233936,0.7405513687400866,0.7205323464310067,0.5272094777621824,0.42195401283525824,0.5502486022587422,0.36537627628911895
0aacdad5-c9b9-4309-96e3-0797bbed1375___RS_HL 9836.JPG,healthy,10988.168983759842,14364.441378882759,11616.178641732282,15452.962055924112,0.8310188388681474,0.7790969553888789,0.8213610149519841,0.7623571793448143,43.09085875984252,56.33114266228532,45.55364173228346,60.5998511997024,1.0141250653464144,1.0716175550480989,1.0287614557986942,1.0880944460089856,0.46427779263029234,0.4367570289483687,0.4569942255118885,0.4276931866530358,0.6813793309385693,0.6608759557953131,0.6760134802737949,0.6539825583706615,0.5725111498454556,0.435218601269022,0.5491997452997142,0.3924201231165202
0b330273-890c-4995-af72-cba070fc0061___GH_HL Leaf 312.JPG,healthy,9564.147084153543,11981.790563581128,8880.13656496063,11618.950337900676,0.852918108385053,0.8157384651742207,0.8634371395294094,0.8213183905222422,37.50645915354331,46.98741397482795,34.824064960629926,45.56451112902226,0.802004693250841,0.8357044256787813,0.7926653863356372,0.8306220476197005,0.6041177402789375,0.5828866142201253,0.6087860669373683,0.586441367439124,0.7772501143640556,0.7634701135081355,0.7802474395583546,0.7657945987267891,0.456113800391865,0.30936008836430945,0.5003092577523172,0.330274486765121
0b5cfce2-38fd-4984-8926-2d2911c48490___RS_HL 9733.JPG,healthy,10396.159879429135,13751.644553289107,9928.152682086615,13058.216566433133,0.8401230295661869,0.788520829309982,0.8473202614017991,0.7991846866417567,40.76925442913386,53.92801785603571,38.93393208661418,51.20869241738484,0.957270419452751,1.0108426319578852,0.9469228102134442,0.9996786862552308,0.5024179348285455,0.475923509414134,0.5073334975771514,0.48219074595505507,0.7088144572654719,0.689872096416527,0.7122734710609061,0.6943995578592019,0.5598809701738681,0.4081409264421228,0.5797311622185496,0.4379854766185975
0bfe260c-a71e-474e-bfb1-78f1e5ca5698___RS_HL 0497.JPG,healthy,13544.208292322834,16714.83972967946,13144.202140748032,18085.569471138944,0.7917108803813424,0.7429514389678058,0.7978623605827202,0.721871720986391,53.114542322834644,65.5483910967822,51.545890748031496,70.92380184760371,1.0811375693818113,1.123006507728072,1.0742479962917297,1.1394814712686685,0.4278059566861322,0.4063764165720408,0.4311680178536138,0.3965780982588068,0.654068770609125,0.6374766008035438,0.6566338537218545,0.6297444706059806,0.48858639727252107,0.36159347260522634,0.5040125175863283,0.30923982588206594
0c3eaf2d-8203-441d-9248-1c64e00b5b8b___RS_HL 0018.JPG,healthy,12104.186146653543,15215.10013020026,11120.171013779527,15255.415710831421,0.813856209106303,0.766015130406295,0.8289888504016927,0.7653951387009593,47.46739665354331,59.66705933411867,43.60851377952756,59.8251596503193,1.0607745098475208,1.110632377584216,1.0407712617970293,1.1112506241502582,0.43609729260474145,0.41224239941194873,0.4452084499872125,0.4119129288540678,0.660376629359899,0.6420610558287652,0.6672394247848462,0.641804431937072,0.5486332183169335,0.42722848495147747,0.5859465951617492,0.42571080738113154
0c4b06d5-4053-44fc-99b6-504934fdd3a9___GH_HL Leaf 199.1.JPG,healthy,8996.138348917322,10977.932605865211,8348.128383366142,11070.658441316884,0.8616532102710097,0.8311762586370803,0.871618608197242,0.8297502777148082,35.27897391732283,43.0507161014322,32.73775836614173,43.41434682869366,0.7715932902076055,0.7997858275811263,0.7638078489251234,0.8012414052097575,0.6223501815289763,0.6050971563162048,0.6259944446768777,0.6041112451745643,0.788891742591451,0.777879911243506,0.791198107098897,0.7772459360939523,0.4646795831924465,0.3368406472069182,0.5101824769323186,0.3313533101987935
0c8c9c80-b7e0-47a7-81d3-b5a2174e545d___GH_HL Leaf 496.1.JPG,healthy,5848.089936023623,6631.913013826028,4740.072896161417,7289.056978113957,0.9100653594558543,0.8980113644722721,0.9271049596136711,0.8879054996752997,22.933686023622048,26.007502015004032,18.588521161417322,28.584537169074338,0.5439929532342361,0.5504784094726891,0.5238307531816868,0.5619980494190366,0.7543565001680785,0.7499312296039187,0.7641472654161128,0.7420400138090871,0.868536988370719,0.8659856982675399,0.8741551723899554,0.8614174445697551,0.45092649952345315,0.35644978316306697,0.5667915971554238,0.2924528091299819
0cabff41-b00b-4692-98af-6b8b0aeba7aa___RS_HL 9774.JPG,healthy,10664.16400098425,13570.224440448881,11248.172982283464,14989.332878665758,0.8360015378312635,0.7913107919839928,0.8270203767372519,0.7694870839561752,41.82025098425196,53.21656643313287,44.11048228346456,58.781697563395134,0.9207417861190287,0.9609475878637056,0.933512214816643,0.9795042569719248,0.5290862168638399,0.5073367127328217,0.5222106437865219,0.4950979828179509,0.7273831293505781,0.7122757280244931,0.7226414351436831,0.7036319938845524,0.5086983141532355,0.362816761798958,0.48321837645869514,0.2961832205491759
0caff918-5807-40f2-b9e4-7dd34a7bab5d___RS_HL 0345.JPG,healthy,12968.19943405512,16174.610949221898,12840.197465551182,17480.835761671522,0.8005690118713267,0.7512593278193046,0.8025374855357676,0.7311715965664269,50.85568405511811,63.42984685969372,50.353715551181104,68.5522971045942,1.0776521908178562,1.1239066805677926,1.0757154314619317,1.1409510346852987,0.4279847595339723,0.4051407578294107,0.42881176338524557,0.3954498259297219,0.6542054413821183,0.6365066832558876,0.6548372037271901,0.6288480149684198,0.5163536434336885,0.39031503342314255,0.5215453918361561,0.34107826144634745
0cb10f98-491d-4e1f-b8ea-4fb0f1b3675f___GH_HL Leaf 333.JPG,healthy,12716.195558562993,16440.693781387563,11856.182332677166,15755.328910657821,0.8044444443981948,0.7471673825640888,0.8176701268311574,0.7577072415547962,49.86743356299213,64.47330894661789,46.494832677165356,61.78560357120714,0.9901475128275466,1.0385901632190404,0.9786418670860293,1.0307512613661767,0.48784616496234956,0.4585463784356795,0.4934017170280435,0.4638676873608939,0.6984598520762303,0.6771605263419299,0.7024255953679674,0.6810783268911835,0.4488799690707117,0.2828216461307035,0.48999394823553505,0.3127187329766526
0cfee8b1-5de4-4118-9e25-f9c37bb6f17e___GH_HL Leaf 252.JPG,healthy,7920.1218011811025,9945.853741707482,7192.110605314961,9937.79062558125,0.8782006920127164,0.8470480462936751,0.8893963859792243,0.8471720446347424,31.059301181102363,39.00334800669601,28.20435531496063,38.97172794345588,0.6971647758863153,0.7257777511001339,0.6864514264164407,0.7256578593916594,0.6666777745176584,0.6484104529372181,0.6720048354647492,0.6484965358175493,0.8165033830411594,0.8052393761715941,0.8197590106029633,0.8052928261306872,0.4619057004906511,0.3111105426668022,0.5183185944692222,0.31166902621551174
0d259481-e08d-459d-aa92-fe05e1524742___GH_HL Leaf 253.1.JPG,healthy,7448.114542322835,8970.21669043338,6412.098609744095,9151.636803273608,0.8854594386503424,0.8620518455627999,0.9013917723719114,0.859261882888789,29.208292322834648,35.17732035464071,25.14548474409449,35.88877177754356,0.6785913225924317,0.6988883580271097,0.6589571539548745,0.7018494029136638,0.677341750435454,0.6652788227146299,0.6869006509619465,0.6633131104937886,0.8230077462791306,0.8156462607740134,0.8287946977158738,0.8144403664442158,0.4822615220509652,0.36075291202389226,0.5601970889384185,0.34768301947570673
0d2bcda8-8dae-408e-8919-21dfa6cc9eea___RS_HL 0335.JPG,healthy,10944.168307086615,13779.86545973092,11424.175688976378,15545.687891375783,0.831695501690299,0.7880868351162471,0.8243137254486455,0.760931198422542,42.91830708661418,54.03868807737616,44.80068897637795,60.96348192696386,0.969127041303753,1.0111263119178397,0.979036708079597,1.0358677023898841,0.49659532131564266,0.4757726414206626,0.4916242010218395,0.4608636662248215,0.7046951974546461,0.6897627428476132,0.7011591837962614,0.678869402922846,0.5368861581111429,0.40676133131687786,0.5167451122148975,0.33074069442887105
0d3691ab-5413-4313-870e-9e5d2faf33ea___RS_HL 9958.JPG,healthy,9096.139886811025,11461.719573439146,10332.158895177166,14066.106082212164,0.8601153402206653,0.8237363581730516,0.8411072663984074,0.7836848940083633,35.67113681102362,44.94791989583979,40.518270177165356,55.16120032240064,0.8920789400220789,0.9323958017804905,0.920553865947779,0.9741036090023418,0.5420641930151047,0.5234777621269545,0.5279998277892064,0.49914951928608053,0.7362500886350403,0.7235176308335233,0.726635966484736,0.7065051445574055,0.5856645839759547,0.467996759838171,0.5303859252787904,0.3471124499034044
0d515778-61ef-4f0b-ab54-75607c80220f___RS_HL 9745.JPG,healthy,10944.168307086617,15303.794407588815,11744.18061023622,14029.82205964412,0.8316955016902992,0.7646511486545564,0.8193925412875431,0.7842428865431655,42.918307086614185,60.014880029760064,46.055610236220474,55.01891003782008,1.0529509954479208,1.1302563170954747,1.0704279935484928,1.1090782127805727,0.4347364231837839,0.39903460090880744,0.42682120520491035,0.4097884184360346,0.659345450567291,0.6316918559779028,0.6533155479589555,0.6401471849786068,0.604247563096813,0.4409729345356259,0.575223255225807,0.4875094341896676
0d615a38-cfa4-45e4-b1b4-9977220e19ca___RS_HL 9815.JPG,healthy,12400.190698818897,16045.601091202181,11920.183316929135,16029.474858949718,0.8093041137572833,0.753243301276379,0.8166858899989368,0.7534912979585133,48.62819881889764,62.92392584785169,46.74581692913386,62.86068572137144,1.0828345367649095,1.1407829327371022,1.073137603566415,1.1405467613840488,0.42138554565195063,0.3936201822431545,0.4258629278977307,0.39374585079382823,0.6491421613575493,0.6273915701084567,0.652581740395585,0.6274917137252318,0.550537225283387,0.41318766463510065,0.5680819327323501,0.41377742577617094
0d70d565-520e-474c-85c1-ab478c9f1d4b___GH_HL Leaf 203.1.JPG,healthy,6928.106545275591,8776.701903403806,6336.097440944882,9034.721619443239,0.8934563629121337,0.8650278057484113,0.9025605536101731,0.8610598588342626,27.169045275590552,34.41843883687767,24.84744094488189,35.43028086056172,0.6427595190070063,0.6697406259369134,0.6355902532855349,0.6738394836300159,0.6981800965555055,0.6816385523774828,0.7012953000515375,0.6787574474770748,0.8355717183794013,0.8256140456517699,0.8374337586051434,0.823867372504261,0.48435818532943553,0.33050214456076266,0.5376653932918356,0.3108200762336561
0d789240-9714-4378-8b63-4afb12ddfa44___RS_HL 9735.JPG,healthy,12276.18879183071,16670.49259098518,12232.18811515748,15364.267778535557,0.8112110726197105,0.7436334298436751,0.811887735441862,0.7637211610965529,48.14191683070867,65.37448074896149,47.96936515748031,60.25203050406101,1.0597348975045273,1.1250811219756667,1.0583890547172705,1.1067367720210683,0.4377443582157672,0.4049923461617647,0.4385072749637687,0.41518395337615277,0.6616225194291434,0.636390089616239,0.6621988183044188,0.6443476960276593,0.5385260692555491,0.3659891610992144,0.5397961843820359,0.41566739853666407
0d91db63-181b-4c3a-939b-181cc812e466___RS_HL 0308.JPG,healthy,10572.16258612205,14876.449252898505,11532.177349901574,15045.774691549384,0.8374163782775808,0.7712230607311151,0.8226528257942735,0.7686190955687051,41.45946112204725,58.33901667803335,45.22422490157481,59.00303800607602,1.0449049989447685,1.124192207786703,1.0662783383284578,1.1269371104834236,0.4381606490874116,0.4020150889827478,0.4286054551723361,0.40060935562382005,0.6619370431448988,0.6340465984316513,0.6546796584378777,0.6329370866237971,0.618062237595129,0.4572809924544964,0.5831941502845018,0.4511037029377183
0d932b2a-584e-4971-8590-70c5f0a049cf___RS_HL 9739.JPG,healthy,12148.18682332677,15827.896955793913,12496.19217519685,16202.831855663711,0.8131795462841515,0.756591256485192,0.8078277585089526,0.7508253336255697,47.63994832677165,62.07018414036828,49.00467519685039,63.54051708103416,1.0737672670357237,1.1330045321806081,1.0805812306969798,1.138500824484991,0.4267222468160757,0.39842202630651163,0.4235695968950532,0.39547110447683603,0.6532398080460771,0.631206801536954,0.6508222467733054,0.6288649334132378,0.5566155125689732,0.41685753129149045,0.5437289867334474,0.40307994772772976
0de16216-510d-48c1-9ef0-78ce39328ff2___GH_HL Leaf 240.JPG,healthy,8972.137979822834,11094.84778969558,8508.130843996063,11526.224502449006,0.8620222990830924,0.8293782826916067,0.8691580161166907,0.8227443714445144,35.184854822834644,43.50920701841404,33.36521899606299,45.200880401760806,0.7773773764923093,0.8079848853725515,0.7734771891790455,0.814154220300022,0.6186996063567323,0.600231195998383,0.6201997792789531,0.5959481537042309,0.7865746031729808,0.7747458912433051,0.7875276371524704,0.7719767831380883,0.4740800901988896,0.3393237887093944,0.5082464740094028,0.3135215615114958
0de569a8-21c5-4d22-b9c9-ba0ef0f2b614___RS_HL 0314.JPG,healthy,12184.187376968504,17916.244032488066,13688.210506889764,15771.455142910285,0.8126259130660274,0.724475686148801,0.7894963475088462,0.7574592448726619,47.78112696850394,70.25978051956103,53.67925688976378,61.84884369768739,1.107790044568722,1.2000449380719922,1.1376382793254187,1.1691993134595304,0.40124369433309176,0.357371163375224,0.3875182276731741,0.3732670741428036,0.6334379956500018,0.5978052888484878,0.6225096205466821,0.6109558692269055,0.5803328342834536,0.37806222716953036,0.5283160781751463,0.4525156239170124
0e1d7722-3df9-4a3a-a4e2-bc0ea3ce0da4___RS_HL 9979.JPG,healthy,10720.164862204725,13638.760927521857,10220.15717273622,14178.989707979415,0.8351403306030707,0.7902568060849222,0.842829680854793,0.7819489172334233,42.039862204724415,53.48533697067395,40.079047736220474,55.60388120776241,0.9846224286394074,1.03187553473655,0.9734424533663173,1.0404751065623108,0.4843820234515469,0.46191169665493914,0.4896864152248812,0.457157856655598,0.6959755911320072,0.6796408585826335,0.6997759750269233,0.6761344959810865,0.563781957623947,0.43667350857948656,0.5840275687416178,0.41436025115993336
0e3feb72-86e5-41c2-a7ca-3295800e5777___RS_HL 0158.JPG,healthy,11464.176304133858,15078.027156054311,11048.169906496063,14457.16721433443,0.8236985774285077,0.7681231022044365,0.8300961168379408,0.7776709744666067,44.95755413385827,59.129518259036516,43.32615649606299,56.69477338954678,1.030902218550027,1.088961042406964,1.0224458919113086,1.0793262222672468,0.4546166509325206,0.42654071432515106,0.45846977094344815,0.4317518998978725,0.6742526610496399,0.653100845448198,0.6771039587415275,0.6570783057580524,0.5594185004962839,0.4134766523250444,0.5757555279346852,0.43762761369989545
0eb4ba9a-6626-4e46-b561-c226b495073d___RS_HL 9862.JPG,healthy,8288.127460629921,10937.61702523405,9108.140071358266,12413.167276334554,0.8725413302274487,0.8317962503424161,0.859930795814624,0.8091045539271284,32.50246062992126,42.89261578523157,35.71819635826771,48.67908735817472,0.8432039925534819,0.8892344789712612,0.863127950582288,0.91424363806402,0.5721376589237555,0.550676707962629,0.5624911658148511,0.536133483141788,0.7563978178999167,0.7420759448753402,0.7499941105201101,0.7322113650728101,0.59746892201643,0.4563648281674082,0.5582145971817916,0.3830251772677662
0ed55b5a-55e6-4c9c-bce4-9eba61bc3a6b___RS_HL 9889.JPG,healthy,10712.16473917323,16287.49457498915,11704.17999507874,13900.812201624403,0.8352633602070982,0.7495233510443645,0.820007689307681,0.7862268600002399,42.00848917322835,63.87252774505549,45.89874507874016,54.51298902597805,1.0273355726087636,1.120822908758766,1.0489429096910587,1.0840289088773274,0.4526391330614692,0.40732841773204165,0.4426424607243746,0.42699237075577506,0.6727846111954919,0.6382228589858261,0.6653138062030387,0.6534465324384047,0.5979624749555214,0.38142509981130185,0.5607312179685794,0.47206775845281407
0f0fc0ee-b19b-4f90-ab41-8f693131f57d___RS_HL 9890.JPG,healthy,7848.1206938976375,9957.948415896832,8096.124507874016,11433.498666997333,0.8793079584489644,0.8468620487820744,0.8754940407241102,0.8241703523667865,30.776943897637793,39.050778101556205,31.749507874015748,44.83724967449935,0.7711207402837261,0.8021494165192933,0.7776918830955983,0.8264388492884456,0.6194984728836644,0.6043568777570937,0.6161240828341031,0.5891298948572228,0.7870822529340021,0.777403934745055,0.7849357189185004,0.7675479756062306,0.5601127902342616,0.42418665157475044,0.5470303815148894,0.3388637019700374
0f20443a-193e-46b1-aea9-7ea614eb98ec___RS_HL 9850.JPG,healthy,11092.17058316929,15876.275652551305,13060.200848917322,15868.212536425073,0.8294194540157891,0.7558472664387891,0.7991541714250097,0.7559712647798561,43.49870816929133,62.25990451980904,51.21647391732283,62.228284456568915,0.9744882016261001,1.043414531423732,1.01210398035182,1.0433164024133461,0.49345582901370877,0.4561238491935723,0.4739209159204451,0.45618731388743083,0.7024641122603409,0.6753694168331672,0.6884191426162154,0.67541640036901,0.5327251762341203,0.320526832813448,0.4505876639240737,0.3208719182208561
0f5a5880-c1f1-4356-8336-d65c69b54cc1___GH_HL Leaf 380.1JPG.JPG,healthy,6416.098671259843,7736.559923119847,5656.086983267716,8091.337032674066,0.9013302575698976,0.8810235917460731,0.9130180699525157,0.8755676647391187,25.161171259842522,30.339450678901358,22.180733267716533,31.730733461466926,0.5945911795336086,0.6119729892924091,0.581933236304041,0.6179341135622447,0.7259280583014293,0.7150188825146698,0.7321353817512323,0.7108909327868876,0.8520141186045154,0.8455878916556633,0.8556490996613227,0.8431434829178766,0.4670356543265433,0.33959205113934354,0.5384215991692628,0.3093075803213457
0f809e80-ee2b-4ad4-9a80-50d789298d48___GH_HL Leaf 192.JPG,healthy,6960.107037401575,8252.59935519871,6192.095226377953,8933.932667865336,0.8929642444960236,0.8730876979177759,0.9047750864826692,0.8626098380976019,27.294537401574804,32.36313472626945,24.282726377952756,35.03503007006014,0.6509932915670644,0.6693439576706257,0.6373787858299432,0.6812264718013449,0.6932869305191736,0.6828173196925476,0.6997242871438868,0.6750611979740918,0.8326385353316129,0.8263276103898184,0.836495240359374,0.8216210793146022,0.4930325092215208,0.38503282154742097,0.5552609042543039,0.3344144530676791
0f93b04b-73fc-4c5c-98d6-35842cafdd25___RS_HL 0278.JPG,healthy,13524.207984744095,18319.39983879968,13948.214505413385,17698.539897079794,0.7920184543914113,0.7182757690954438,0.7854978853779505,0.727823641357614,53.03610974409449,71.84078368156737,54.69888041338582,69.40603881207763,1.0940175637048388,1.1577121681994034,1.1005978078221665,1.150497896926393,0.4185689731853097,0.38523984432183633,0.4155077321995464,0.38949912867895664,0.6469690666371227,0.6206769242704584,0.6445988924901643,0.6240986530020367,0.5008812591422235,0.31686032031521477,0.48436127654584304,0.34001250136086997
0f9a114d-1df8-442c-90e7-d14d2f6efb23___RS_HL 9964.JPG,healthy,10444.16061761811,14324.1257982516,11816.181717519687,15864.180978361957,0.8393848519420215,0.7797169470942147,0.8182852748512951,0.7560332639503897,40.95749261811024,56.1730423460847,46.337967519685044,62.21247442494885,1.0081232211935875,1.077060221201457,1.0384977613076607,1.100203705056314,0.4653206389542662,0.432977416205933,0.4509215888548964,0.4202888519237266,0.6821441482225484,0.6580101946063852,0.6715069536906497,0.6482968856347581,0.5983151261997531,0.442682837813787,0.5461398056784242,0.38276300782360034
0fd3432a-e22a-4a71-9a63-1c56ee4ce067___GH_HL Leaf 463.1.JPG,healthy,5668.087167814961,6942.34298468597,4664.071727362205,7006.847913695828,0.9128335255464742,0.893237428341187,0.9282737408519329,0.89224544161265,22.22779281496063,27.2248744497489,18.290477362204722,27.477834955669913,0.5443967608994986,0.5612850845661519,0.5253030226891062,0.5624445971720977,0.7540667657629261,0.7435455378071771,0.7629959510407301,0.742766340514391,0.8683701778406062,0.8622908661276525,0.8734963944062564,0.8618389295653748,0.47604049078031174,0.33723397858083726,0.5791178831227136,0.331075873852204
0fee8af3-ca03-418c-a71c-c4fb0a80dc7b___RS_HL 0199.JPG,healthy,11112.170890748032,15452.962055924112,12724.195681594489,16589.86142972286,0.8291118800057202,0.7623571793448143,0.8043214147941672,0.7448734132543465,43.577140748031496,60.5998511997024,49.898806594488185,65.05828011656023,1.0250899913868659,1.0967664456623443,1.0585318687327732,1.1123692130952711,0.4568900771102324,0.42198405501653213,0.4406685813493697,0.41311575009534784,0.6759364445790983,0.6496029980045752,0.6638287289274016,0.6427408109769814,0.5742874136659991,0.4011609431514659,0.5131585465245609,0.357103386660131
1a02fa87-a194-482e-b4ac-8dec2064d793___RS_HL 0022.JPG,healthy,13396.206016240158,17670.31899063798,13192.202878937009,16984.954119908238,0.7939869280558521,0.728257635551349,0.7971241829585549,0.7387974945420563,52.53414124015748,69.29536859073718,51.734128937007874,66.60766321532643,1.124189339128976,1.1874050194671764,1.1199396659465357,1.1781452367328162,0.3959958421015474,0.36538105930077563,0.39808410988892284,0.3703037438314941,0.629282005226232,0.6044675833332799,0.6309390698703979,0.6085258777007714,0.532239049759012,0.37775364903292385,0.5391176638524959,0.40188823257488204
1a0a5292-5e63-4afa-8611-38eef316f1e9___GH_HL Leaf 477.JPG,healthy,6344.097563976377,8288.883377766755,5804.089259350394,7797.0332940665885,0.9024375240061455,0.8725297053829737,0.9107420222780058,0.8800936041880696,24.878813976377952,32.505425010850026,22.761134350393704,30.576601153202308,0.6168682514902898,0.6482588976520576,0.6101557347988619,0.6394580785676305,0.712725104649428,0.6943509284129363,0.715341694172158,0.7000437537362146,0.8442304807630603,0.8332772218253277,0.8457787501304097,0.8366861739841376,0.5102938888240558,0.34436618604445174,0.5610905053534729,0.38327052714492693
1a0b9a32-3993-44e4-879f-338cd6e45a09___GH_HL Leaf 178.JPG,healthy,9188.14130167323,11909.222518445036,8832.135826771653,11522.192944385888,0.8587004997743483,0.8168544502438251,0.8641753171535747,0.8228063706150479,36.03192667322835,46.70283340566681,34.63582677165355,45.18507037014074,0.7904570064314328,0.8300381385752447,0.7869971097989301,0.8246202192395027,0.6108242434380377,0.5862251646383136,0.6123153513396871,0.5900324004752417,0.7815524572528946,0.7656534233178309,0.7825058155309053,0.7681356654102462,0.47244047435755265,0.30670208687257455,0.4975088409581742,0.3292330955591801
1a0c4408-634e-4bd5-948d-e73ca5572976___RS_HL 0146.JPG,healthy,13672.21026082677,18766.90278380557,14404.221518208662,17388.109926219855,0.7897424067169014,0.7113938611662172,0.7784851979483797,0.732597577488699,53.61651082677165,73.5956971913944,56.48714320866142,68.18866637733277,1.1401835723509715,1.2138279891482704,1.153805003488201,1.196095167866158,0.3855448269978572,0.34957482941191936,0.3790493887750471,0.35898906139680964,0.6209225611925027,0.5912485343845847,0.6156698699587687,0.5991569588987594,0.5310906128798317,0.35159814394033356,0.506093945224462,0.39923583132430895
1a308834-fdd7-4121-ae03-5736d8d52e26___RS_HL 9689.JPG,healthy,14344.220595472441,18375.841651683302,14288.219734251968,18319.39983879968,0.7794079199785864,0.7174077807079736,0.7802691272067792,0.7182757690954437,56.25184547244094,72.06212412424824,56.032234251968504,71.84078368156737,1.1625676356384758,1.2205842213537448,1.1615955570971264,1.2198615172851188,0.37231708691933013,0.3444534342723592,0.37276249332772093,0.3448316008170239,0.6101779141523643,0.5869015541573895,0.6105427858289056,0.5872236378221026,0.515972424036404,0.37590589002161257,0.517900810984334,0.3778228091834593
1a393116-cbd1-4e3f-acfc-563e96ae1e80___RS_HL 0268.JPG,healthy,17532.26962352362,22169.537789075577,17328.266486220473,22088.906627813256,0.730380622773604,0.6590665612358814,0.7335178776763069,0.6603065446465528,68.75399852362204,86.93936387872776,67.95398622047244,86.6231632463265,1.241865238590266,1.2933528407571924,1.2388070383466456,1.2926134143604413,0.32763574053759437,0.30204120368560655,0.3291320252074098,0.30243721414964686,0.5723947418849987,0.5495827541741157,0.573700292145132,0.5499429189921867,0.4328939596350589,0.2795943314229339,0.43944448313919393,0.28221446478746215
1a939012-5b9b-4dfa-aeda-ba97ec857903___GH_HL Leaf 278.JPG,healthy,9556.146961122047,11977.75900551801,8928.137303149606,12493.798437596875,0.8530411379890807,0.8158004643447543,0.862698961905244,0.8078645705164569,37.475086122047244,46.97160394320789,35.0123031496063,48.99528799057598,0.820046622757204,0.8495720909874707,0.8090621566246278,0.8566081815870681,0.5926817447506966,0.5749918196469787,0.5982557939236974,0.5700424499615196,0.7698582627670476,0.7582821504209226,0.7734699696327566,0.7550115561774665,0.4787775495425495,0.32953034602442743,0.5153320160893659,0.3006444100739483
1a972145-610d-4efe-96e7-e0253c4ece4a___GH_HL Leaf 237.1.JPG,healthy,9372.144131397637,12312.37832475665,9256.142347440944,11780.21266042532,0.8558708188817145,0.8106545331904678,0.857654748140114,0.8188384237008992,36.7535063976378,48.283836567673134,36.29859744094488,46.19691239382479,0.8342687620799182,0.8812081006896264,0.8366189456244155,0.8731716734999906,0.5829870959668677,0.5561113788232909,0.5810714211760455,0.5612631128542064,0.7635359166187716,0.7457287568702784,0.7622804084954863,0.7491749547697163,0.5091818020813192,0.347958299801086,0.5204636993221825,0.3761408487291334
1ad550a2-113e-440c-919d-85dff2f4de38___RS_HL 0331.JPG,healthy,10116.15557332677,13130.784611569223,10192.156742125984,13630.697811395623,0.8444290657071515,0.7980687015721524,0.8432602844688896,0.7903808044259892,39.67119832677165,51.493272986545975,39.96924212598425,53.453716907433815,0.9414075964641782,0.9906696193625523,0.9438617153620299,0.9985861120213061,0.512336562087675,0.48822510435646455,0.5109726974825043,0.4837011441646418,0.7157768940722207,0.6987310672615499,0.7148235428988782,0.6954862645406031,0.563355855874634,0.42406149538830906,0.5607658976348181,0.4021344537635472
1ae5cf7c-f03a-4591-93e9-61d9784763e0___RS_HL 0043.JPG,healthy,10296.158341535433,14509.577469154938,11852.182271161417,15323.952197904395,0.8416608996165313,0.7768649852496703,0.817731641633171,0.7643411528018884,40.37709153543307,56.9003038006076,46.47914616141732,60.09393018786037,1.0009317138235563,1.075975609259421,1.035622952237726,1.088337887424075,0.4697264035641353,0.4341319200959438,0.45319505855076153,0.4273539292320075,0.6853658902835297,0.6588868795900733,0.6731976370656403,0.6537231288795031,0.6011589444594382,0.4315239504208114,0.5417519622923253,0.3996172646706041
1af0bfe1-4bcf-4b8b-be66-5d0953eb647e___GH_HL Leaf 482.2.JPG,healthy,7196.110666830708,8780.733461466923,6420.098732775591,9099.2265484531,0.8893348711772107,0.8649658065778777,0.9012687427678838,0.8600678721057256,28.22004183070866,34.43424886849774,25.176857775590552,35.68324136648274,0.6390483993703218,0.6595937366832985,0.6275779439374176,0.6643378467453676,0.7005879503092015,0.6870301318257792,0.7064185503493077,0.6835272632043188,0.8370113202993145,0.8288728079903329,0.8404870911259182,0.8267570762952796,0.44939784186758813,0.3116308470290771,0.5174276494883208,0.28648665441352833
1b150c8d-ab5d-43b5-a61d-c3fb3a8ffd54___GH_HL Leaf 321.JPG,healthy,10476.161109744095,12917.11203422407,10296.158341535433,13618.603137206273,0.8388927335259113,0.8013546576104318,0.8416608996165313,0.79056680193759,41.08298474409449,50.65534131068263,40.37709153543307,53.40628681257362,0.8795510590066269,0.9157383960253278,0.8801115244224802,0.9253002330164073,0.5560669024780432,0.5350562843229971,0.5552593285362353,0.5286706905486476,0.7456989355484177,0.7314754160756171,0.7451572508781186,0.7270974422652355,0.4782372594673356,0.3503052441588679,0.4916334265216447,0.31502219562067907
1b477a6a-aa09-4c12-ad17-fbbc08cd76da___GH_HL Leaf 386.JPG,healthy,6764.104023129921,8724.291648583298,6320.097194881891,8329.198958397916,0.8959784697946986,0.8658337949653477,0.9028066128182284,0.8719097136776379,26.52589812992126,34.21290842581685,24.784694881889767,32.66352532705065,0.6294263466136092,0.6587024562626944,0.6232151621226142,0.6521779260636538,0.7059004648404803,0.6876644635551036,0.7088383961924175,0.6921469775731416,0.8401788290837138,0.8292553669136568,0.8419254101120939,0.8319537111962069,0.4822072123257113,0.3160556257901391,0.5221809275990759,0.34702907711757275
1b6ac535-3a40-40c7-a626-d11181dfb5a4___GH_HL Leaf 304.JPG,healthy,9752.149975393702,12026.137702275406,8952.137672244095,11461.719573439146,0.8500269126904053,0.8150564742983513,0.8623298730931612,0.8237363581730517,38.24372539370079,47.161324322648646,35.10642224409449,44.94791989583979,0.8056702136676495,0.8363805229190645,0.7948261838972352,0.8284009253869679,0.6020436896830825,0.582414075175971,0.6075684138672965,0.5879587598346875,0.7759147438237545,0.7631605828238058,0.7794667496867949,0.7667846893585496,0.44550806600436205,0.3069138726506574,0.497019689559291,0.33944221922421025
1b855a60-d30c-4ed9-8f25-cffe523b436b___GH_HL Leaf 249.1.JPG,healthy,11640.17901082677,15581.971913943828,11564.177842027559,14638.587327174655,0.8209919261399015,0.7603732058877399,0.8221607073781632,0.7748810117925959,45.64776082677165,61.10577221154442,45.34971702755906,57.40622481244962,0.9389874680626714,0.9861361214048352,0.9388297334134281,0.9751886771322009,0.5195087719277002,0.49030530865327343,0.51944508216409,0.4980706886827624,0.7207695692297922,0.7002180436501715,0.7207253860965979,0.7057412335146377,0.46327658231484575,0.2682747868958937,0.46808139191483433,0.31257587353660793
1b966d62-d5c3-4a67-ba36-b67d873ccfdf___GH_HL Leaf 440.JPG,healthy,6276.096518208661,8296.946493892989,6464.099409448819,8385.640771281543,0.9034832756403799,0.8724057070419066,0.9005920799457321,0.8710417252901679,24.612143208661415,32.53704507409015,25.3494094488189,32.88486576973154,0.6140458098968173,0.6471340741723607,0.6262042671908423,0.6486293301740527,0.7142839986973918,0.6949375020952288,0.7073435589742274,0.6939234431509969,0.845153239772168,0.8336291154315741,0.8410371923846337,0.8330206739037134,0.5137953800173503,0.34142864557491237,0.5106098296839159,0.3343885241962185
1bd9f661-9b9c-4faf-80ab-86a8a64a8bc2___RS_HL 0271.JPG,healthy,11848.18220964567,14517.640585281171,11660.179318405511,16017.38018476037,0.8177931564351848,0.7767409869086032,0.8206843521298326,0.753677295470114,46.463459645669296,56.93192386384773,45.726193405511815,62.81325562651126,1.0309365260965442,1.0711876333795702,1.0273079893446613,1.0929596044425902,0.4565712366288014,0.4373652444372283,0.45827592027498515,0.42513181926357657,0.6757005524851977,0.6613359542904259,0.6769607967046432,0.6520213334420711,0.5380308065606508,0.42638264313290547,0.5455239812883542,0.36712530996029813
1bfeed83-f119-46cd-b806-0e17e1dae136___RS_HL 0017.JPG,healthy,10368.159448818897,13231.573563147125,11408.175442913385,15319.92063984128,0.8405536331802834,0.796518722308813,0.8245597846567007,0.7644031519724221,40.65944881889764,51.88852377704755,44.73794291338582,60.07812015624032,0.99525664194196,1.047093673905503,1.0190112548110752,1.0804339560380067,0.47445864325322407,0.4505492734712916,0.46302001393065295,0.43253488738981943,0.6888095841763703,0.6712296726689693,0.6804557398763368,0.6576738457547323,0.5927404498089216,0.4747057360949991,0.5528035125896088,0.3917982319198648
1c092a12-ed60-42c8-86b4-0427db78a5d3___RS_HL 0076.JPG,healthy,14452.222256397637,19492.58323516647,15024.231053149606,18710.460970921944,0.7777470203242144,0.700234010470174,0.7689504036362439,0.7122618495536871,56.6753813976378,76.44150288300575,58.9185531496063,73.3743567487135,1.1822187974740808,1.254698588821578,1.1918051983495577,1.2450166865599626,0.35822256928937685,0.323673899936305,0.35395259267081036,0.328635301389891,0.5985169749383695,0.5689234570100841,0.5949391503933914,0.5732672163920514,0.5260238412648486,0.35729183792389346,0.5066970397137673,0.38307992136603713
1ca23194-53c1-44a9-973a-39aa073f4a33___RS_HL 0058.JPG,healthy,11824.181840551182,14969.175088350177,10740.165169783464,14646.650443300887,0.8181622452472675,0.7697970798088429,0.8348327565930018,0.7747570134515288,46.369340551181104,58.70264740529481,42.11829478346456,57.43784487568975,1.0262715172599837,1.073470235414376,1.0036265157469533,1.0686055549470197,0.4598236169128588,0.4366260249043531,0.4705661582343673,0.43932698386817826,0.6781029545082803,0.660776834418666,0.6859782490971323,0.6628174589343421,0.5354120935643204,0.4038612162855439,0.5781589991702567,0.41670557467422065
1ca3c77d-13d8-43cc-929f-9c3a79e5dd1b___RS_HL 0250.JPG,healthy,14056.216166338583,19956.212412424826,14464.22244094488,17295.38409076818,0.7838369857235785,0.693104105858813,0.777562475918173,0.7340235584109713,55.12241633858268,78.25965651931304,56.72244094488189,67.8250356500713,1.1571188657484637,1.2388215256121549,1.164343962586788,1.2056683683235108,0.37492161434518184,0.33474358981702024,0.3715825156259688,0.3522213282879043,0.6123084307317529,0.5785702980770965,0.6095756849038262,0.5934823740330494,0.5255763972322839,0.321832217699889,0.5116088181593459,0.4122545886732371
1cb9d4d1-280b-479c-95a9-01f71acf70bc___RS_HL 0641.JPG,healthy,8000.123031496063,10873.112096224193,8708.133919783464,12026.137702275406,0.8769703959724409,0.8327882370709533,0.8660822760160019,0.8150564742983513,31.373031496062993,42.63965527931056,34.14954478346456,47.161324322648646,0.8432710551921497,0.8972559150142364,0.8622822745792171,0.9176648017604028,0.5702791991521482,0.5453359175674891,0.561052115085187,0.5338484082014974,0.755168325045581,0.7384686300497058,0.7490341214425329,0.7306493058927089,0.6177080922843635,0.4698515199213653,0.5853396666402387,0.41363258580846585
1d024f2a-0ceb-4560-81fc-1114e6341f02___RS_HL 0431.JPG,healthy,10320.158710629921,13219.47888895778,11564.177842027559,15751.297352594705,0.8412918108044486,0.7967047198204138,0.8221607073781632,0.7577692407253298,40.47121062992126,51.84109368218737,45.34971702755906,61.769793539587084,1.0103545583778155,1.063832960934985,1.0383612156181257,1.1046202933169118,0.4627745639768624,0.43883453474638373,0.4496773688981948,0.41724576021537185,0.6802753589369986,0.6624458730691767,0.6705798751067578,0.6459456325538333,0.6068637393504551,0.49073201096609087,0.5599150331349471,0.3931960862593831
1d1017be-8cd6-4967-894b-1b9fb89d7d6e___RS_HL 0270.JPG,healthy,17628.271099901573,22572.69359538719,17472.268700787405,21863.139376278752,0.7289042675252733,0.652866644182524,0.7313033448038108,0.663778498196433,69.1304749015748,88.52036704073409,68.51870078740158,85.73780147560295,1.2576713611026653,1.3142457877799718,1.2554225936354502,1.3075032529795045,0.31671462152738755,0.2891979639126989,0.31776668802361047,0.29265308794118117,0.5627740412700176,0.5377712933140806,0.5637079811601131,0.5409742026577433,0.44181447054317974,0.28302107238538565,0.44681339788067026,0.3055587204047056
1d10291e-a1ce-4309-b6a4-d034319e3875___GH_HL Leaf 251.1.JPG,healthy,7040.108267716536,8812.985925971852,6272.096456692913,8607.376464752931,0.8917339484557479,0.864469813213609,0.9035447904423937,0.8676317709108214,27.608267716535433,34.560729121458245,24.596456692913385,33.754417508835026,0.657440472269849,0.6830472106255392,0.6450206175648402,0.6794344219297648,0.6895228751395003,0.6743269218449901,0.695205574004898,0.676689159627932,0.8303751412099837,0.8211741117722783,0.8337898860054,0.8226111837483927,0.49391363905233343,0.34999568974321854,0.5568095387791098,0.3650163052019215
1d1221b5-1a59-43bb-a616-8f7a404785b6___RS_HL 0451.JPG,healthy,14840.228223425198,18774.965899931798,15332.235789862205,20057.00136400273,0.7717800845288777,0.7112698628251499,0.7642137638811829,0.6915541265954737,58.19697342519685,73.6273172546345,60.126414862204726,78.65490730981462,1.1643522009272262,1.217813067753036,1.1726352142802705,1.2322950245141158,0.3732690446337924,0.34696458921096907,0.3692715635553342,0.33902267661935037,0.6109574818543368,0.5890370015635428,0.6076771869630571,0.582256538494288,0.49350480099060134,0.3550259082075105,0.47664524308985845,0.31098430176773995
1d31b822-7933-4801-a18c-657b8af377d6___RS_HL 0636.JPG,healthy,10752.16535433071,13715.360530721062,10112.155511811025,13666.981833963668,0.8346482121869605,0.7890788218447842,0.8444905805091651,0.7898228118911871,42.16535433070867,53.78572757145514,39.65551181102362,53.59600719201438,0.9845590577338562,1.0318504279932412,0.9703723469807048,1.0310649570676325,0.484600121299852,0.46207652226824075,0.4912845096686287,0.46250722112703446,0.6961322584824323,0.6797621071141291,0.7009169063937812,0.6800788344942331,0.5618448260188327,0.4322176579596066,0.5879254911367592,0.43422041754352325
1d46ec32-bf0a-4d44-a149-c6fc12920d57___RS_HL 0060.JPG,healthy,13284.204293799214,17218.784487568977,12856.197711614173,17057.52216504433,0.795709342512238,0.7352015426511092,0.8022914263277124,0.7376815094724521,52.0949187992126,67.5246450492901,50.41646161417323,66.89224378448758,1.090442197171335,1.1450863838880896,1.0822419941094568,1.1430195841245498,0.4201367165551714,0.3925782368893772,0.4241478963914959,0.3937509691003014,0.6481795403706996,0.6265606410311593,0.6512663789813626,0.6274957920976852,0.5104453972498076,0.3584271508180971,0.5261332167322548,0.3644357937511985
1d598eb4-b055-4c4c-8b7e-b60990804957___RS_HL 9838.JPG,healthy,8952.137672244095,13130.784611569223,10948.168368602363,14058.042966085934,0.8623298730931612,0.7980687015721524,0.8316339868882853,0.7838088923494306,35.10642224409449,51.493272986545975,42.9339936023622,55.12958025916052,0.8916888167748732,0.9628264655478416,0.9346116073353528,0.9763474754619891,0.5414978439820162,0.5060800329921077,0.5205790971274326,0.4977825336021434,0.7358653708267676,0.7113930228728053,0.7215116749765264,0.7055370533162262,0.594823703023997,0.3931586040209525,0.5039232171438122,0.35030520485755645
1d8bb370-3c10-4806-b2ff-1621e21355ba___RS_HL 9882.JPG,healthy,9272.142593503937,11828.591357182715,10040.154404527559,13683.108066216133,0.8574086889320589,0.8180944336544964,0.8455978469454133,0.7895748152090529,36.36134350393701,46.38663277326555,39.37315452755906,53.659247318494636,0.8701997568225959,0.9096356956196219,0.887739924241941,0.9374813978469791,0.5583452272861577,0.5387599393216024,0.5493771802973293,0.5214293497593133,0.7472250178401133,0.7340026834566767,0.7411998248092948,0.7221006507124289,0.5535500814089014,0.417748557366964,0.5175748743030341,0.32646169178714246
1dae303e-6545-4c87-8c95-8805108f5282___RS_HL 0437.JPG,healthy,11296.173720472441,15086.090272180545,12456.19156003937,16384.251968503937,0.8262821991130864,0.7679991038633693,0.8084429065290903,0.7480353709515588,44.29872047244094,59.16113832227664,48.847810039370074,64.25196850393701,1.051731111134226,1.1167362527764166,1.0759044385140863,1.1359874475125435,0.4380806456925414,0.407766043506543,0.4268072415539363,0.39746405923464706,0.6618766091142226,0.6385656140965805,0.653304861113046,0.630447507120654,0.5847759598238256,0.43967794593284215,0.5420816819968624,0.3914620984155721
1ddf5950-e27f-4928-8f4e-33242953e306___RS_HL 0181.JPG,healthy,7996.122969980315,10961.806373612746,8520.131028543306,11655.234360468721,0.8770319107744546,0.8314242553192147,0.8689734717106494,0.82076039798744,31.357344980314963,42.98747597495195,33.41227854330708,45.70680141360283,0.8076895977776937,0.857132997733256,0.8205587393189172,0.8686064033157046,0.5953469175615109,0.5710157700307961,0.5890608016567596,0.5640609160194078,0.7715872715134114,0.7556558542291564,0.7675029652429751,0.7510398897657885,0.5856872455798465,0.41632960913219963,0.5589439707332234,0.37940746598057706
1dfb5aeb-8d00-4672-9755-5da982758453___RS_HL 9987.JPG,healthy,11680.17962598425,14215.273730547462,11136.17125984252,15892.401884803769,0.8203767781197635,0.7813909246986213,0.8287427911936377,0.7555992697566547,45.80462598425196,55.74617149234299,43.67125984251969,62.32314464628929,1.0465976898937175,1.0874003249740913,1.0350337924206547,1.113257560421376,0.44424288433537795,0.4256039508421011,0.4496208123275622,0.4117540556985758,0.6665154794416841,0.6523832852258717,0.6705377038821622,0.6416806493097449,0.5601678050733843,0.4583102719403525,0.5807071981677998,0.3944013306831733
1dffd343-4634-4b33-95f4-eecc755aec8f___GH_HL Leaf 168.JPG,healthy,10196.156803641734,13029.99565999132,10048.154527559056,12796.165292330585,0.8431987696668758,0.7996186808354917,0.8454748173413857,0.8032146327264388,39.98492864173229,51.09802219604439,39.40452755905512,50.18104036208072,0.8863783301572294,0.9311678071729171,0.8883418877273888,0.9277059672769099,0.5508007063987761,0.5256799773938068,0.5489970511191022,0.527847748360882,0.7421594885189949,0.7250379144526214,0.7409433521660763,0.7265313127187857,0.5053248125349686,0.3620150253752636,0.5176352296352296,0.37346401316246486
1e1aa3d8-d12f-47e1-b316-b8656ab3f2b6___RS_HL 0075.JPG,healthy,10048.154527559056,13352.520305040609,11048.169906496063,14682.934465868932,0.8454748173413857,0.7946587471928058,0.8300961168379408,0.7741990209167267,39.40452755905512,52.362824725649446,43.32615649606299,57.58013516027032,0.9492729606513128,1.0043647044114272,0.9714527436908412,1.0244153140211834,0.5063124178982733,0.4796024108757252,0.49540828232047085,0.46796369332090143,0.7115563350138014,0.6925333283501417,0.7038524577782412,0.6840787186580952,0.5743497292812764,0.42515901969616726,0.5326505602022223,0.36788319738328534
1e4aef32-09c5-4af8-8948-dc86bd8ef2e7___GH_HL Leaf 215.1.JPG,healthy,7972.122600885827,9284.678219356438,7560.116264763779,10482.050964101929,0.8774009995865373,0.857215910261181,0.8837370241939566,0.8388021566127098,31.263225885826774,36.41050282100564,29.64751476377953,41.106082212164424,0.7019420645132719,0.7189622578238128,0.6981592953448204,0.7370999979309633,0.6638481390366102,0.6535410602596269,0.665552485890128,0.6407707049402567,0.8147687641512837,0.8084188643640293,0.815814002018921,0.8004815456587719,0.4636458190571834,0.3627335644854863,0.4982104422682915,0.28040233799829284
